31354,0.00142
24730,0.33333
20518,0.13525
23401,0.0002
22634,0.00123
15209,0.20602
8238,0.10645
8944,0.18386
19871,0.01082
24222,0.00122
25533,0.30502
28159,0.2019
25888,0.00135
2453,0.33302
6353,0.05961
21016,0.00578
3273,0.21567
14447,0.00754
24380,0.00139
30773,0.00235
29293,0.33323
13504,0.07766
21765,0.02552
26443,0.04141
398,0.31421
12358,0.22163
23600,0.00125
23696,0.00128
1339,0.32478
30212,0.00124
3236,0.01221
2149,0.33328
22086,0.00157
24110,0.00144
8118,0.33279
36,0.0335
27122,0.00167
24791,0.32617
10328,0.29413
8129,0.33333
32090,0.00146
30025,0.04368
19650,0.03251
10251,0.00533
1036,0.32667
31079,0.17988
14942,0.10985
26882,0.00132
16732,0.07045
15975,0.0
19971,0.00969
26933,0.00721
3930,0.0145
22053,0.00364
22528,0.00148
32306,0.00128
2122,0.00933
1689,0.04415
3760,0.05146
12206,0.02592
9621,0.24756
20752,0.03428
3670,0.12216
8484,0.07919
20258,0.0329
32665,0.01672
22991,0.03268
26754,0.00141
22794,0.00141
20879,0.12534
30041,0.05936
3025,0.21368
12819,0.22003
23643,0.03014
9632,0.01634
18038,0.07857
12312,0.29766
7171,0.05642
10017,0.08318
13028,0.23444
23414,0.00126
17943,0.01748
20245,0.08839
112,0.00637
27751,0.12946
21850,0.00703
15446,0.23133
25778,0.00154
21453,0.00257
4067,0.3333
77,5e-05
565,0.04516
11547,0.02528
8137,0.02428
30114,0.00132
5734,0.33285
26959,0.22654
22653,0.04648
9052,0.0801
1746,0.13187
1752,0.05165
13127,0.01181
25201,0.29328
20173,0.11852
14291,0.33328
32081,0.05494
23634,0.00134
9661,0.15138
29603,0.00502
1395,0.0222
8638,0.03518
25254,0.00139
27937,0.0217
30286,0.0015
27016,0.00124
19644,0.00151
5859,0.00891
1750,0.04373
21945,0.00222
26476,0.00151
10066,0.07319
16765,0.07819
18637,0.03471
16997,0.08276
26999,0.07685
12451,0.04428
19377,0.16932
6231,0.05443
9834,0.08088
21180,0.0
16975,0.02078
1602,0.02433
30642,0.00129
28397,0.04899
15537,0.33046
23132,0.00147
14830,0.04259
24365,0.01507
7441,0.18852
22011,0.00264
22216,0.00144
25326,0.00129
26114,0.00131
21684,0.26113
23313,0.17612
4429,0.16094
19818,0.03861
16480,0.03241
3805,0.1908
30526,0.00137
32057,0.06933
29438,0.00181
13149,0.01136
3010,0.01477
12289,0.33333
10689,0.01258
16540,0.04244
24391,0.11833
15545,0.05151
23885,0.03996
8574,0.05949
15440,0.174
27491,0.03032
30465,0.04047
28640,0.00127
32652,0.00136
13013,0.01875
15813,0.06527
18251,0.18221
4113,0.01313
22208,0.00126
26191,0.13209
330,0.05525
18119,0.33278
19673,0.2212
22453,0.01024
18378,0.1935
1021,0.04526
13931,0.1184
13399,0.14543
5280,0.33319
31996,0.00127
23808,0.0013
6862,0.2978
5886,0.2273
29949,0.12348
27423,0.01664
17966,0.00739
30741,0.10024
4211,0.00561
7611,0.03856
4348,0.24286
13104,0.07796
13158,0.07693
26150,0.00125
2946,0.29582
15061,0.01348
19273,0.12384
15345,0.18522
19845,0.13976
31039,0.00515
21890,0.05033
21420,0.00796
22943,0.22186
13137,0.10098
4433,0.33328
7995,0.01699
28209,0.01795
5552,0.02407
18977,0.33026
14860,0.08451
30028,0.0012
29397,0.0041
24149,0.08631
12488,0.04908
12150,0.03257
25735,0.06759
30764,0.00128
14252,0.02336
20153,0.23539
23248,0.00124
1155,0.0021
18404,0.04405
14865,0.00764
20591,0.1257
20714,0.11654
21256,0.00364
24238,0.00143
27682,0.0014
2605,0.03526
29292,0.00128
4733,0.0
19272,0.0176
6788,0.1284
16648,0.11199
1902,0.02122
13059,0.03657
13736,0.1387
9660,0.3113
7202,0.31472
7930,0.0279
16597,0.00107
4126,0.02462
17475,0.08447
6277,0.04836
29166,0.00136
6883,0.05291
9655,0.11213
15259,0.03371
14685,0.33333
663,0.0095
6429,0.17514
31314,0.0013
12249,0.00127
22895,0.21315
31303,0.09275
5583,0.02931
29366,0.00132
32602,0.00131
13095,0.01737
23349,0.09103
25884,0.00127
6366,0.01107
5648,0.02047
17912,0.0242
4437,0.33333
27253,0.17859
27017,0.21061
32561,0.09031
29090,0.00129
8879,0.3332
3620,0.03446
5714,0.12717
30765,0.00109
17983,0.11439
14832,0.21843
18471,0.02646
3401,0.10461
11336,0.02613
3331,0.01632
11685,0.14501
23727,0.10701
8605,0.00334
5219,0.03711
5097,0.0295
6352,0.03265
28169,0.06579
24971,0.01958
29295,0.08264
8290,0.07332
21791,0.0
30821,0.02646
30934,0.00134
24555,0.25965
11169,0.00762
7796,0.17627
1335,0.32902
29720,0.00124
5305,0.0
15618,0.0705
14208,0.13514
13273,0.13852
31472,0.00129
7553,0.0528
22214,0.00126
21744,0.18585
25885,0.0414
23811,1e-05
32195,0.01637
11901,0.25098
31581,0.0963
1186,0.02241
13117,0.16763
21594,0.02814
32667,0.0
9652,0.07248
23022,0.00134
9981,0.06214
4567,0.0
27782,0.00124
20935,0.05089
28320,0.00131
30430,0.00136
12759,0.0
27748,0.00129
426,0.33333
347,0.33333
2308,0.01
22993,0.09239
31020,0.00142
12213,0.04098
17858,0.11455
5618,0.074
3983,0.33331
30858,0.00126
5590,0.04383
6931,0.0312
18861,0.01072
23947,0.26381
1888,0.04051
30015,0.16487
4531,0.2338
8485,0.05432
12339,0.00123
9559,0.16917
2774,0.11333
20389,0.31939
23995,0.02658
26840,0.00157
24385,0.01436
14799,0.01371
18697,0.0001
25143,0.31513
28243,0.00512
6804,0.00919
23583,0.039
17425,0.09041
9311,0.25047
18558,0.10659
28110,0.00125
18504,0.0371
1331,0.00382
18994,0.08108
14909,0.13377
1020,0.0182
11890,0.00126
12069,6e-05
12743,0.07264
9748,0.08384
5132,0.24716
18652,0.22122
19978,0.02519
16772,0.02944
24074,0.00151
26500,0.00153
23360,0.00146
13500,0.1724
4197,0.16423
10488,0.28208
18231,0.01482
9656,0.11196
22975,9e-05
13289,0.12374
13932,0.08512
6805,6e-05
5500,0.08803
23471,3e-05
10090,0.21309
24239,0.31264
25084,0.00133
31023,0.0028
2711,0.05895
24016,0.00131
23203,0.13385
23865,0.00728
2014,0.06073
11141,0.00569
3157,0.33333
10539,0.00927
15192,0.31431
25429,0.06
24666,0.0015
25898,0.00133
11179,0.02456
3768,0.0206
21452,0.0
6368,0.09355
32214,0.00135
27326,0.00121
23962,0.00128
7422,0.04747
20483,0.05975
18619,0.02328
18954,0.13452
14508,0.05628
24435,0.33331
5905,0.16107
8774,0.10157
11457,0.08762
14773,0.13636
4670,0.33249
20320,0.22465
30583,0.06948
16324,0.04336
17410,0.0563
32280,0.00127
7889,0.30842
30872,0.00126
8330,0.11726
23567,0.10766
13905,0.33333
18224,0.08544
2256,0.13254
658,0.01452
31412,0.00132
25220,0.00136
300,0.00364
1591,0.33309
22789,0.03853
30794,0.00131
0,0.01104
7640,0.1377
19906,0.30853
15468,0.16004
4999,0.17478
1279,0.05391
5029,0.1209
2392,0.06445
7658,0.0877
25495,0.22824
31992,0.00134
30476,0.00125
14494,0.01665
3835,0.05358
19525,0.03162
23682,0.00136
22571,0.03743
158,0.07377
17619,0.25161
21278,0.11127
3695,0.15972
5117,0.03593
20669,0.16583
11306,0.0526
9223,0.0036
25060,0.00126
18156,0.16939
3732,0.18409
11795,0.23131
16621,0.03764
22602,0.00132
19126,0.07527
16010,0.06869
8297,0.00654
24114,0.00154
28777,0.02399
32182,0.00153
13417,0.01022
8904,0.0494
12765,0.0
17236,0.06708
22623,0.31416
25097,0.00464
23016,0.0013
23228,0.00122
11477,0.2168
29911,0.17785
6593,0.08478
18195,0.23932
16669,5e-05
11601,0.00694
13596,0.14789
29304,0.00121
26181,0.0102
26217,0.00011
15958,0.01716
11597,0.22136
16748,0.01568
15469,0.17275
5800,0.1179
3733,0.07679
10574,0.30826
9041,0.02647
6451,0.04308
9825,0.00162
7250,0.12875
30717,0.08865
26971,0.0386
15456,0.06706
27378,0.00139
691,0.33062
23666,0.00129
27951,0.13841
17117,0.0527
18653,0.33333
29338,0.00134
11722,0.01405
9244,0.02603
5116,0.00961
674,0.00553
31887,0.01648
18096,0.07836
15717,0.02822
3972,0.31798
603,0.33294
12814,0.00259
29471,0.04103
65,0.02982
12119,0.29648
19819,0.1599
27129,0.20885
27754,0.00147
23202,0.00126
4934,0.22785
21936,0.0
28348,0.00124
3253,0.0
32468,0.00127
16126,0.11673
27360,0.00123
16751,0.10592
8856,0.08301
7337,0.0187
23902,0.00138
4878,0.2186
30426,0.00137
10266,0.02863
7750,0.04818
25173,0.0257
1594,0.01862
15095,0.32705
25093,0.01082
5715,0.06879
8548,0.2593
23813,0.00708
27417,0.19169
22691,0.33333
7943,0.1487
8511,0.11396
27231,0.10075
2335,0.09152
32385,0.00017
17956,0.2087
19731,0.08782
990,0.13295
25908,0.00133
18360,0.31942
12100,0.02171
28419,0.09114
24206,0.00126
6837,0.03584
8905,0.05934
11581,0.09433
16796,0.09351
20649,0.00353
10719,0.01816
31261,0.0239
11629,0.33116
22248,0.00125
16318,0.3327
15186,0.03906
12466,0.32993
14021,0.02235
23380,0.00125
10135,0.01688
635,0.01072
26395,0.00297
31592,0.00129
8060,0.07012
19475,0.0162
30336,0.0016
17271,0.15208
2320,0.08079
28322,0.00147
3017,0.08678
6023,0.33315
1136,0.01471
10047,0.08538
2473,0.01117
1254,0.05092
10103,0.05819
5024,0.25499
1583,0.00486
18982,0.14876
7242,0.09493
19339,0.33333
13316,0.13253
10771,0.00233
13947,0.28901
22607,0.33329
7421,0.15096
31870,0.00166
16392,0.02316
11994,0.07728
22067,0.00536
3026,0.06888
11409,0.10841
9163,0.04458
26285,0.29205
4333,0.20196
3046,0.29698
3781,0.05735
31575,0.14102
19267,0.09823
29003,0.04381
16303,0.08876
16230,0.23911
23773,0.04552
20198,0.24424
20378,0.11338
32350,0.00128
1969,0.1191
5440,0.04256
23342,0.00151
16032,0.33304
31181,0.06083
30330,0.0013
21653,0.06283
8125,0.129
23750,0.00128
7872,0.03963
22926,0.00122
24164,0.00147
3742,0.04359
212,0.12091
20913,0.01049
21662,0.01908
25453,0.01785
2370,0.07971
9930,0.20644
30790,0.00138
8521,0.1452
9301,0.33333
13358,0.16543
17766,0.23889
27221,0.22723
15013,0.27375
27950,0.00129
584,0.08158
2245,0.33333
6922,0.29952
14904,0.09595
30056,0.00122
28372,0.00127
18365,0.05161
22795,0.04879
1557,0.21219
31281,0.01059
22242,0.00133
13721,0.33317
27268,0.00129
27350,0.00124
4848,0.30588
634,0.01431
24208,0.00145
14176,0.00899
5682,0.15299
11042,0.00022
4851,0.19718
23319,0.33309
20394,0.03938
14941,0.0039
1670,0.0065
15904,0.03888
10826,0.03728
16468,0.10846
23724,0.00132
14498,0.01126
14957,0.09117
15514,0.08141
9180,0.04952
7841,0.31802
4314,0.33315
3417,0.33324
10515,0.00177
29807,0.00128
2743,0.02556
1968,0.05135
15957,0.2353
11264,0.06582
20571,0.00427
4292,0.04084
23400,0.0013
30857,0.00193
13711,0.19585
14022,0.32583
9582,0.11681
28136,0.00131
30683,0.00741
26629,0.00017
3879,0.31942
11858,0.17272
29103,0.09937
19407,0.0988
21567,0.01546
4646,0.02681
9612,0.0039
27842,0.00144
28846,0.0013
5992,0.07708
9962,0.21672
26982,0.00131
12467,0.33045
31101,0.01405
11474,0.33327
28002,0.00136
6789,0.00387
30688,0.00128
13841,0.02658
5186,0.03967
30491,0.33284
24464,0.00123
3186,0.19802
17788,0.00035
15595,0.00065
301,2e-05
20112,0.05433
1226,0.33243
25071,0.01171
31702,0.00125
15994,0.12468
21435,0.03415
10643,0.01433
24085,0.29239
13247,0.05068
12356,0.0651
29549,0.03949
29,0.03572
11007,0.02016
27750,0.00139
5865,0.0211
14058,0.33154
22842,0.00131
15230,0.12042
13763,0.03825
29965,0.17097
16783,0.00178
9856,0.00107
3043,0.23652
3765,0.02977
22780,0.00139
8262,0.0577
21557,0.12141
21293,0.00982
30740,0.00134
19743,0.25411
24059,1e-05
25388,0.00129
9728,0.26111
12576,0.25655
3791,0.0444
648,0.04148
15204,0.20541
19130,0.00662
18723,0.02244
24792,0.00139
30540,0.00136
17128,0.17135
763,0.01661
12411,0.07741
26130,0.00126
2834,0.13567
5577,0.01775
22115,2e-05
1699,0.25967
14377,0.01562
19593,0.01296
17428,0.08797
14511,0.1803
16279,0.14066
5767,0.26511
10318,0.0128
7295,0.27642
10827,0.01877
25632,0.00132
32043,0.03838
29609,0.02752
23540,0.00141
16466,0.05387
3218,0.00446
194,0.03282
13244,0.02606
22696,0.00127
14181,0.33072
19987,0.07155
12426,0.15423
21758,0.00052
20241,0.03684
20837,0.09823
20836,0.14474
9657,0.02598
24862,0.0014
16215,0.24141
9957,0.00586
14803,0.13391
32129,0.06947
997,0.00241
207,0.00246
5425,0.07048
24265,0.16442
6357,0.33333
19875,0.05136
28310,0.00154
8467,0.32695
20397,0.27337
2025,0.04036
1173,0.00831
25500,0.00133
14499,0.00402
15728,0.3333
3002,0.19035
19274,0.08967
32249,0.14348
28151,0.0
4894,0.24724
30592,0.00146
15596,0.33236
9166,0.09709
10721,0.11295
16302,0.27582
23381,0.0677
23229,0.01222
25061,0.26507
32262,0.00126
9980,0.03883
6440,0.01327
7536,0.33333
24216,0.00126
21646,0.0
3992,0.02416
13433,0.02526
18176,0.26922
18721,0.00599
31018,0.00173
18361,0.2568
30009,0.12338
18582,0.08725
8604,0.04112
16596,0.19054
26832,0.00172
21288,0.01828
28849,0.20819
26758,0.00126
577,0.09716
31706,0.00147
22883,0.04746
5416,0.32066
8233,0.02275
27684,0.0014
31183,0.11649
17984,0.01931
11973,0.04385
3917,0.33125
25329,0.0216
2932,0.09889
3130,0.14219
21833,0.00035
23568,0.00159
11342,0.10478
1083,0.00284
30413,0.06095
3169,0.3073
12188,0.01198
12561,0.01866
26790,0.00135
29249,0.01207
5007,0.18715
10787,0.008
10951,0.00746
28449,0.06789
8111,0.1128
4840,0.023
9802,0.16969
4761,3e-05
31708,0.00147
23950,0.00123
26836,0.00126
440,0.02334
24525,0.33331
27640,0.00144
27188,0.00146
28064,0.00129
11174,0.12583
2760,0.07788
9409,0.01176
23040,0.00131
18034,0.28402
775,0.08369
27998,0.00141
8969,0.08975
17951,0.03648
30828,0.00122
32390,0.00133
23317,0.06962
2458,0.07653
7706,0.2889
19649,0.0001
10014,0.31833
20723,0.20399
10056,0.06793
22705,0.08419
31185,0.00469
14237,0.04224
8514,0.33333
13243,0.01482
5244,0.04458
1030,0.32652
6792,0.03127
32533,0.05942
10969,0.12545
916,0.18099
5838,0.01756
12825,0.10211
14643,0.09284
25759,0.0107
22649,0.00307
15380,0.25494
1378,0.32134
8473,0.27532
26927,0.26563
14027,0.11575
3871,0.06166
13904,0.33106
8099,0.22758
3717,0.3333
6594,0.088
2144,0.29161
2579,0.30425
31036,0.00127
774,0.0002
6233,0.00377
10774,0.10444
17148,0.02062
13754,0.10501
31827,0.04504
24499,0.21785
6487,0.01506
3982,0.02042
28509,0.07411
10976,0.0633
9412,0.05461
23786,0.00127
22460,0.00133
16609,0.09708
17528,0.01512
17423,0.12382
18840,0.11557
24844,0.00152
5083,0.00023
11311,0.20054
14989,0.03684
4795,0.29398
6007,0.03443
4046,0.06794
7484,0.05569
21706,0.15737
13411,0.04217
10751,0.01178
19758,0.01852
8136,0.0325
20085,0.0923
23431,0.09065
1470,0.07777
8121,0.29618
21291,0.08342
8862,0.03629
32349,0.1133
15443,0.02897
20940,0.00016
5049,0.32328
11198,0.01554
18033,0.24868
18039,0.11858
29803,0.07842
17985,0.10127
1332,0.00965
27379,0.27425
10302,0.01868
20583,0.33328
1984,0.15727
9374,0.32508
28280,4e-05
21846,0.00634
8968,0.0914
24779,0.06614
27880,0.00129
5953,0.01413
30147,0.00321
21951,0.2514
7965,0.06649
20042,0.03963
5870,0.08335
5952,0.02152
32659,0.00805
17587,0.21905
31603,0.01846
2142,0.04295
14376,0.02378
31814,0.00159
24115,0.02155
19349,0.15972
31357,0.16986
27106,0.00128
1653,0.05801
5064,0.02439
14292,0.30351
30463,0.07278
1409,0.02036
12584,0.02232
30527,0.31316
32126,0.00132
238,0.32937
27328,0.00125
12212,0.04755
7812,0.18866
16656,0.17605
4838,0.25137
3133,0.03516
13074,0.00473
15544,0.10791
30349,0.2888
25725,0.17794
9722,0.10849
8232,0.03472
10006,0.00463
15247,0.03115
4193,0.00012
18790,0.06207
14987,0.03153
3878,0.05233
4515,0.19293
12410,0.0009
6250,0.03312
23667,0.01735
19813,0.08792
928,0.02475
20411,0.09816
17220,0.03209
15175,0.0
13979,0.11748
26984,0.00122
26557,0.09217
15447,0.17895
8462,0.06459
26600,0.00154
10142,0.00712
11881,0.08047
13859,0.09037
22642,0.00131
18736,0.03284
13397,0.04735
30528,0.00127
17969,0.13039
21909,0.33332
18795,0.01679
12405,0.33306
3910,0.16537
16818,3e-05
27020,0.00144
10805,0.01517
20785,0.08701
15695,0.08842
24103,0.0501
26556,0.00128
4809,0.33333
18413,0.14099
18385,0.13314
18987,0.33288
29491,0.15899
21454,1e-05
18076,0.32869
2431,0.08156
8572,0.03029
23965,0.33332
4112,0.05119
28492,0.0012
28291,0.08989
13511,0.0327
23892,0.00129
8105,0.04241
32145,0.32938
20414,0.03083
20641,0.26908
14870,0.07957
17391,0.22476
18821,0.0848
13416,0.05845
23528,0.0013
11955,0.29491
14420,0.29991
11580,0.12679
21430,0.01327
29673,0.20047
23938,0.0016
24434,0.00143
32436,0.00142
16476,0.04332
231,0.07367
27067,0.29895
8863,0.18886
21629,0.00419
24053,0.07332
21803,0.00377
24202,0.00151
21551,0.01315
2630,0.26171
10525,0.04285
26592,0.00141
20851,0.12456
9600,0.01359
7070,0.20847
1627,0.03334
8301,0.09354
26573,0.15252
23139,0.00696
3912,0.09176
25081,0.03678
11475,0.30723
16447,0.05649
28708,0.00144
20444,0.03952
13525,0.0289
31923,0.02607
12300,0.02072
31328,0.00131
5790,0.00261
22986,0.0013
17392,0.33068
16043,0.32822
5134,0.23616
18867,0.18375
18057,0.08401
26284,0.00146
29036,0.00143
27004,0.00133
17275,0.03867
24000,0.00143
5404,0.00026
24580,0.00187
23984,0.00131
9671,0.02505
14115,0.30944
26235,0.31759
13701,0.01076
23391,0.02187
29470,0.0013
13933,0.08725
30372,0.00129
3718,0.06505
18407,0.02016
15346,0.06995
16742,0.0397
20662,0.27353
17435,0.33197
30276,0.00127
2815,0.0
15996,0.03798
28,0.03733
16805,0.06436
4620,0.01987
14177,0.04368
7594,0.18573
20982,0.06375
26983,0.08365
11259,0.05946
32286,0.00121
14204,0.17736
12890,0.24657
7127,0.08878
24123,0.09028
16128,0.00159
22125,0.03551
12035,0.0
29854,0.00122
15771,0.04842
6513,0.00821
16828,0.01793
20118,0.08547
12543,0.23846
19967,0.00088
27099,0.30132
15233,0.12974
6180,0.04416
16130,0.01973
13233,0.23292
24247,0.13613
29400,0.00137
5376,0.00131
29819,0.22559
29646,0.00128
5249,0.33278
11425,0.07381
18657,0.29569
30825,0.17768
16469,0.01392
5760,0.11527
5677,0.01472
24195,0.08075
9706,0.0391
23718,0.00134
2638,0.2036
31282,0.00141
24984,0.00143
14207,0.08666
21530,0.24811
7932,0.1073
30018,0.00128
1343,0.04116
16871,0.0469
7873,0.03866
14620,0.28635
22541,0.02248
29365,0.04622
28044,0.00128
13079,0.07323
22704,0.00133
13151,0.00448
12199,0.33333
17191,0.01736
27087,0.2779
10548,0.08889
4542,0.29415
26755,0.0
16243,0.3333
31539,0.24455
25779,0.0893
11180,0.01297
2422,0.17097
11099,0.00601
17495,0.02153
15574,0.07904
1498,0.08171
19981,0.03187
32653,0.02383
6975,0.00169
25672,0.00126
1258,0.04419
29758,0.00125
2910,0.04893
21055,0.02424
7100,0.05539
2594,0.06822
2306,0.04876
5433,0.22486
15317,0.02927
18386,0.06941
2388,0.01822
2292,0.01977
30721,0.18902
22524,0.00136
26527,0.30714
26669,0.23614
31833,0.06949
6496,0.02922
11866,0.05749
21528,0.08225
28929,0.0669
16342,0.07268
26720,0.00128
31086,0.00124
1384,0.0344
10069,0.01513
18245,0.10623
18559,0.09418
6472,0.01604
27190,0.0014
14471,0.20355
3325,0.00486
5343,0.04841
3011,0.0
12185,0.03282
7846,0.33079
8026,0.04843
7332,0.27549
22635,0.27013
21463,0.01563
24039,0.22566
883,0.32516
8845,0.33333
5599,0.01409
25315,0.02022
23164,0.00132
11634,0.17458
1794,0.05376
15747,0.12442
2250,0.05698
8550,0.24857
31915,0.01427
25696,0.0013
14218,0.0119
2418,0.01122
15883,0.31986
14535,0.17798
23796,0.00131
5975,0.29061
12260,0.04257
372,0.00154
9110,0.01411
5221,0.19688
13861,0.16752
14202,0.0517
20300,0.05949
3522,0.10031
5038,0.32672
13737,0.02239
14297,0.04766
3764,0.30256
8716,0.06209
13220,0.32869
22526,0.00129
12283,0.14262
24393,0.02945
22190,0.00166
5775,0.08952
16319,0.01358
17409,0.00042
8985,0.10802
627,0.00747
17103,0.33333
28886,0.00123
10372,0.05566
20293,0.04689
1037,0.07316
32092,0.00123
15682,0.07046
26772,0.00122
12847,1e-05
25285,0.0646
5605,0.27253
23572,0.00123
19322,0.03838
10126,0.0223
27997,0.01225
22352,0.00126
27723,0.0
15355,0.23701
23904,0.0014
26820,0.00127
21429,0.01191
5495,0.03602
17312,0.02827
16802,0.15404
28272,0.00127
16174,0.3156
7236,0.02524
10835,0.29127
2190,0.01925
4499,0.06466
30040,0.00129
1649,0.0189
8697,0.0407
20084,0.07751
4179,0.02623
28205,0.32894
7577,0.01032
16703,0.08603
17529,0.18177
11282,0.04791
16202,0.10917
20625,0.03748
29672,0.00139
21944,0.0
1848,0.09002
31056,0.00134
19796,0.04331
29541,0.18382
13442,0.05593
19992,0.04954
1813,0.02862
23878,0.00135
1050,0.06335
4016,0.00774
26090,0.00122
16737,0.00166
32643,0.33333
28385,0.33333
29833,0.00939
24866,0.00133
1657,0.0308
23301,0.01156
19630,0.15726
23421,0.00348
13275,0.00302
19307,0.21332
21579,0.33333
9364,0.00753
1329,0.30421
26367,0.08831
32671,0.00119
27995,0.26948
19836,0.21515
8010,0.03012
6799,0.33333
15755,0.04993
21369,0.33333
9865,0.07833
20762,0.15058
22590,0.00133
22070,0.00331
22639,0.01393
24262,0.00124
2693,0.1137
18311,0.0422
5025,0.0957
18200,0.31891
27902,0.00128
27653,0.02462
17402,0.0638
15244,0.23093
1348,0.02799
31141,0.08517
1842,0.14031
12873,0.31665
20594,0.01265
19979,0.28091
32281,0.13693
2935,0.15839
1925,0.02711
12481,0.04923
24539,0.25692
22621,0.00016
20739,0.24114
5468,0.3125
26990,0.00123
22440,0.00135
21296,0.19022
2518,0.07677
27735,0.29247
10338,0.0
23019,0.0362
29151,0.1562
9960,0.10363
16719,0.21756
18701,0.12656
16940,0.07905
12846,0.09694
16548,0.06435
31064,0.00126
21995,0.14523
30755,0.00523
23522,0.00131
23958,0.0013
29866,0.00123
3116,0.03264
10134,0.064
30714,0.00125
32080,0.00151
14052,0.072
366,0.01702
21925,0.03543
8831,0.12083
13851,0.09955
27182,0.00139
1303,0.02129
11294,0.06569
20445,0.08366
27919,0.02938
15686,0.08551
1119,0.03445
19140,0.00775
9558,0.19496
28859,0.27747
29752,0.00159
13451,0.07468
10046,0.06413
11585,0.23135
1678,0.04599
17814,0.11825
17968,0.13137
10490,0.00294
4804,0.02105
26353,0.1872
355,0.33333
29368,0.00128
17461,0.00265
18056,0.02826
10671,0.04448
31790,0.00153
27125,0.07155
10750,0.08449
7620,0.09833
16620,0.01329
25444,0.00128
23020,0.00125
21404,0.06275
6135,0.28348
743,0.00791
19483,0.01307
24543,0.33324
31905,0.31282
7168,0.2055
413,0.08642
29858,0.00143
31701,0.24196
7502,0.29078
1184,0.3331
10620,0.17899
19729,0.12869
19225,0.32823
21388,0.00241
19118,0.0034
12556,0.02536
8033,0.33333
5965,0.00771
25941,0.04139
22106,0.00123
19559,0.0178
12094,0.19878
7773,0.18282
30109,0.0148
9276,0.02171
20650,0.09632
29319,0.0058
32570,0.00141
12870,0.06142
6156,0.00539
10233,0.04173
26453,0.17335
26764,0.00141
20482,0.10831
5003,0.00676
11149,0.08513
27031,0.0001
1655,0.28929
1154,0.03501
10354,0.00142
28080,0.00173
27624,0.00135
16033,0.00296
3803,0.25135
28161,0.13073
10505,0.00947
23353,0.31287
22776,0.0014
6995,0.33315
7081,0.03725
32289,0.04264
21087,0.01668
31213,0.1151
5993,0.02008
23415,0.05136
19568,0.05871
4793,0.17556
19550,0.06013
19221,0.21523
2870,0.20394
30795,0.02201
12447,0.26713
27384,0.00121
2866,0.10425
18149,0.33332
7676,0.15687
11478,0.0829
11178,0.0
8712,0.04773
21883,0.05147
9583,0.10112
9768,0.10611
5550,0.0013
3166,0.27449
23700,0.00141
27146,0.00185
17315,0.1215
6203,0.02136
11859,0.00871
30127,0.20505
25532,0.00139
11872,0.03349
23951,0.0409
14415,0.11803
20240,0.06964
12644,0.06486
5696,0.2685
18845,0.01847
4908,0.32804
16383,0.01073
3685,0.33278
26870,0.00155
28976,0.0015
6997,0.12054
8730,0.05677
31818,0.00128
8843,0.27406
15353,0.10447
23844,0.00125
26642,0.00141
1840,0.12366
31682,0.00131
533,0.00177
20878,0.0102
15162,0.00789
21069,0.03409
23731,0.03638
29014,0.00136
19170,0.06354
18565,0.085
13838,0.0001
13457,0.02943
3801,0.29726
1980,0.05926
12794,0.07109
5030,0.30747
10166,0.00747
13216,0.0812
8739,0.02727
26225,0.33333
14529,0.21462
354,0.33333
27861,0.12813
19120,0.3333
28911,0.03187
9859,0.33333
21746,0.05053
2880,0.09664
25119,0.05456
29904,0.00128
10952,0.10007
18068,0.08798
27028,0.00134
30656,0.00134
30153,0.31295
7480,0.00309
5690,0.00764
3440,0.30528
14133,0.33147
1542,0.05449
1278,0.14226
20163,0.31016
29778,0.00125
15613,0.28302
29332,0.00129
18286,0.00996
20025,0.15993
7677,0.10224
13719,0.03189
29855,0.03328
17408,0.0006
28542,0.00144
14163,0.32679
15597,0.2345
6431,0.18796
28388,0.00125
14763,0.15861
5604,0.29251
5483,0.04144
14298,0.03485
509,0.0322
14213,0.05576
18027,0.05057
1501,0.11027
12666,0.11287
14653,0.33062
29421,0.17942
11295,0.05965
17221,0.08743
88,0.02158
822,0.26613
19541,0.25477
719,0.06405
22643,2e-05
31732,0.00143
3217,0.25312
18236,0.03398
28546,0.00136
21104,0.02469
14492,0.08511
19695,0.00624
4078,0.0166
7633,0.02168
22743,0.0
23305,0.21692
3719,0.33267
3565,0.28409
6260,0.00923
4505,0.07155
6722,0.33318
17007,0.04445
13342,0.0817
4724,0.21225
9216,0.04049
9996,0.02265
8520,0.13948
5814,0.04676
27705,0.03718
27030,0.00131
26365,0.14152
14564,0.07207
30437,0.09402
29020,0.00129
32608,0.00131
21436,0.0
19119,0.07727
21411,0.33076
17948,0.01778
24311,0.00629
9707,0.03951
30126,0.00134
2631,0.10949
19549,0.06106
22142,0.00145
18971,0.07011
14798,0.06395
15401,0.29198
8087,0.10942
4173,0.0
5582,0.05372
18754,0.02163
32099,0.09492
7637,0.08087
14863,0.27341
9754,0.04449
29253,0.03227
6078,0.02282
17087,0.31963
11640,0.03814
13988,0.08789
13150,0.00573
3296,0.00984
29252,0.00137
30856,0.0012
11596,0.18007
17541,0.00128
23911,0.01548
28448,0.00138
24836,0.00133
32532,0.00153
13035,0.09956
29474,0.00169
22889,0.33214
17971,0.06803
30121,0.26159
7974,0.25572
29384,0.00146
18690,0.07417
4572,0.03263
3210,0.09093
27813,0.07975
19389,0.08733
29540,0.00131
23872,0.00145
22143,0.11269
3783,0.14671
1025,0.32632
32339,0.01268
23985,0.06836
20652,0.01464
2068,0.0588
796,0.00651
17700,0.00727
17413,1e-05
32426,0.00125
21097,0.00075
13469,0.00207
15539,0.25853
30138,0.00167
14553,0.03355
12365,0.29087
20840,0.18075
26423,0.07071
29499,0.02363
10450,0.02449
20910,0.02541
26783,0.33333
25407,0.03295
14573,0.00603
31876,0.00125
2968,0.06925
26049,0.01926
23739,0.18593
12453,0.0413
27415,0.22545
12605,0.24408
5355,0.01244
31962,0.00158
25675,0.01829
16002,0.01763
24437,0.05629
20113,0.04259
13647,0.19569
21756,0.0
19135,0.25576
5571,0.02251
5356,0.00988
18720,0.28434
11462,0.27975
2003,0.24322
25786,0.00184
14828,0.03473
31515,0.0945
998,0.01137
21647,0.32258
12957,0.00599
9740,0.07488
27329,0.07116
17035,0.33333
30080,0.00126
5608,0.02473
6072,0.02443
16848,0.02609
15110,0.33301
25406,0.00142
29675,0.18767
7315,0.10034
10185,0.01175
3600,0.33328
1514,0.32769
14532,0.33295
30555,0.01322
31815,0.03563
19007,0.24098
31791,0.08717
12654,0.04677
28887,0.10728
3104,0.32452
14905,0.0174
23997,0.02537
98,0.06674
283,0.02452
8571,0.14637
26780,0.00133
21483,0.33333
7204,0.16646
1287,0.11658
20869,0.07044
28754,0.00124
21471,0.02841
1951,0.05831
7808,0.22446
14781,0.16847
3071,0.01818
6555,0.33333
6715,0.33155
6654,0.06528
13237,0.02968
8501,0.12441
28380,0.00156
21338,0.04322
11056,0.02509
7005,0.04163
23231,0.04921
22751,0.00028
25523,0.29014
3601,0.04752
31131,0.05283
4003,0.19004
28058,0.00133
649,0.33333
5040,0.33302
24182,0.00143
20475,0.06808
20043,0.15004
24790,0.00138
12542,0.31415
11096,0.32851
24084,0.00135
15381,0.13793
26967,0.17104
14304,0.0
24737,0.02117
11699,0.00067
10639,0.00337
6254,0.05154
282,0.00543
30621,0.00235
4942,0.13746
24204,0.00122
24964,0.00128
20339,0.00275
14986,0.32872
10102,0.07001
22433,0.0715
19522,0.05399
19690,0.01423
21462,0.01459
17799,0.26088
25837,0.33306
18541,0.06795
3725,0.11475
17314,0.24771
12851,0.10519
3070,0.03368
18717,0.09184
22015,0.04431
21116,0.03817
25881,0.04731
17181,0.0
23910,0.00126
2961,0.33222
21577,0.00721
17424,0.06271
24076,0.00125
30077,0.04945
8019,0.10755
17828,0.19018
14778,0.20449
529,1e-05
31683,0.15697
32005,0.0447
650,0.06339
15012,0.20299
1924,0.07295
17513,0.15336
27728,0.00125
28681,0.0197
9365,0.0
21812,0.1472
6526,0.01826
24742,0.00132
23474,0.00131
9067,0.00466
18309,0.02491
13946,0.25061
9523,0.33333
937,5e-05
8000,0.33304
19300,0.1865
26324,0.00127
21739,0.04411
597,0.16973
23030,0.00127
31804,0.00131
22855,0.01119
2072,0.31798
13333,0.18776
20816,0.23643
8915,0.07986
15147,0.3333
13757,0.03345
10708,0.01481
31066,0.00149
20579,0.00291
18601,0.04375
532,0.02268
12956,0.01522
17484,0.06996
30081,0.32797
4192,0.29585
24363,0.00023
24183,0.16718
1265,0.22578
13853,0.23487
18948,0.05914
16964,0.06447
30894,0.00148
2960,0.33327
7954,0.02653
18949,0.10815
7757,0.20791
32297,0.13548
24950,0.00132
15921,0.33332
25114,0.00148
2316,0.0819
19059,0.0473
18273,0.04911
18077,0.10785
11001,0.03468
9066,0.00794
22209,0.1418
24354,0.00134
13308,0.00395
18820,0.05827
16734,0.07641
14889,0.01437
29377,0.1062
20081,0.08856
1192,0.09558
1722,0.07013
3446,0.12283
21813,0.30267
19203,0.33333
7766,0.04262
6430,0.18769
18272,0.0767
15187,0.0
22402,0.00125
32481,0.00541
22128,0.00123
6065,0.05736
26400,0.0013
27290,0.00122
20199,0.33245
25586,0.00124
537,0.01378
23103,0.02193
2741,0.20466
5227,0.3255
5096,0.02595
14401,0.32269
13550,0.03151
10823,0.00682
17635,0.00499
28134,0.00134
25909,0.33284
20096,0.08261
1983,0.03256
29998,0.00146
26716,0.0013
15326,0.30187
29668,0.0012
24951,0.11641
13614,0.25865
14067,0.15391
22010,0.00157
28120,0.00123
29986,0.00124
28782,0.00154
7987,0.05187
32307,0.04034
23186,0.00142
31186,0.00126
21339,0.01739
24058,0.0015
31968,0.00126
4216,0.06536
2321,0.16267
11566,0.32641
19425,0.11745
15693,0.0494
2790,0.09206
29968,0.00121
21387,0.31389
20080,0.07512
22262,0.00154
24725,0.10007
31428,0.00135
20236,0.13861
28445,0.22382
2933,0.21753
11637,0.33333
897,0.00435
20214,0.00672
1874,0.00569
31359,0.11218
6554,0.33333
400,0.00017
25922,0.00125
22565,0.07765
27297,0.3333
6668,0.11827
3330,0.00996
17914,0.08128
20364,0.33312
580,0.00718
21492,0.01469
15199,0.02062
4394,0.11448
15890,0.22827
20354,0.10062
2735,0.08965
24566,0.00123
12527,0.03151
14516,0.2072
16962,0.12693
28973,0.10435
27936,0.00124
1834,0.08163
26577,0.12271
17829,0.28792
6104,0.33333
25239,0.33308
754,0.33106
13314,0.06999
7935,0.10192
1366,0.02548
17521,0.03793
19275,0.16495
18607,0.07962
30942,0.00126
3411,0.28735
1255,0.02554
16680,0.10687
18536,0.11207
6413,0.33333
3191,0.05506
7772,0.00364
14029,0.02163
17974,0.02705
23847,0.00731
15406,0.04697
6512,0.02033
20804,0.05771
29074,0.00124
7829,0.33333
11041,0.00345
6121,0.00735
5815,0.02837
13172,0.10417
4569,0.14572
16124,0.33068
7413,0.04577
19063,0.0
30775,0.05802
22257,0.08336
26468,0.00173
23,0.10777
30204,0.00133
4648,0.06159
31380,0.00136
13300,0.06459
30978,0.00165
21790,0.01463
12046,0.02444
2828,0.11656
1982,0.02013
496,0.00212
25752,0.00136
15392,0.33293
26745,0.00864
5712,0.04863
3648,0.05857
21745,0.07289
522,0.10211
7983,0.09805
4556,0.07498
14561,0.00357
24910,0.00131
11312,0.03279
20963,0.01245
28421,4e-05
1502,0.31804
27139,0.25129
12161,0.01324
13603,0.17015
1584,0.09623
29649,0.1052
20856,0.01582
11097,0.06662
28776,0.0
30566,0.00128
24600,0.0013
7028,0.17691
27693,0.10801
16549,0.03273
27625,0.03437
28766,0.0013
27476,0.00132
10983,0.00618
30461,0.10431
24105,0.01031
12420,0.25705
32580,0.00142
7205,0.33179
3573,0.21014
26025,0.07728
7442,0.06165
26974,0.00129
11638,0.02012
14455,0.03445
2269,0.04502
10319,0.03207
30019,3e-05
19486,0.01299
23259,0.00205
32627,0.00629
2882,0.15169
4734,0.12797
32370,0.00123
11380,0.07119
20676,0.01098
10867,0.0
28816,0.00142
12203,0.05835
32167,0.00271
13047,0.31612
31049,0.03858
11378,0.00796
13405,0.02888
12938,0.32067
15561,0.27675
18310,0.05737
24937,0.00454
29948,0.00136
8630,0.05255
3190,0.10855
25578,0.00154
5334,0.01659
31409,0.0445
2522,0.07378
31505,0.03621
16584,0.00098
23288,0.00122
6344,0.03162
25045,0.00479
22669,0.08477
19562,0.03986
6650,0.32329
5576,0.26594
18445,0.18259
2170,0.01103
5006,0.03011
21881,0.0
9869,0.00658
8243,0.08262
16948,0.02011
15478,0.25925
25583,0.08437
13860,0.03631
24958,0.00142
27177,0.07975
14908,0.31428
15008,0.03919
17908,0.03803
4196,0.06978
14185,0.00017
10322,0.00028
16007,0.08455
5756,0.00504
13242,0.03389
1676,0.01637
6816,0.04446
21168,0.00313
25934,0.00143
30287,0.01199
13148,0.08858
31637,0.04578
10718,0.13526
6967,0.03327
9190,0.0
16925,0.00986
28237,0.00256
31140,0.00123
14585,0.00041
7245,0.32445
10786,0.01811
1632,0.01821
20428,0.05387
27692,0.00128
1623,0.04847
15274,0.03938
16797,0.31413
31953,0.33333
5745,0.0687
13396,0.12181
24381,0.32044
5825,0.33273
10564,0.0
27722,0.00139
14495,0.04681
22087,0.0
27291,0.33283
14506,0.15161
23326,0.00124
294,0.1158
20561,0.10499
28321,0.29832
6149,0.3081
29364,0.0013
11636,0.04027
9237,0.33222
28199,0.03378
5744,0.09955
4873,0.08371
6763,0.06415
17140,0.00038
2520,0.11653
17671,0.01777
6022,0.00311
9090,0.03806
11708,0.00934
27821,0.26025
19899,0.19211
5081,0.33006
30643,0.01934
22907,0.1278
21018,0.00449
20429,0.00523
19150,0.33016
15151,0.3277
27023,0.0917
22801,0.33091
12065,0.33114
4008,0.02205
31740,0.00132
17434,0.2498
32505,0.06258
14184,0.01748
3447,0.23782
29275,0.10727
11995,0.03537
29494,0.00136
9367,0.23495
14745,0.11145
18475,0.3332
14556,0.12737
28735,0.01047
26926,0.00126
19551,0.01455
890,0.01697
27658,0.00155
9554,0.0491
15619,0.3113
4091,0.05175
8036,0.08342
11151,0.01978
17753,0.17816
2899,0.05051
406,0.00345
31661,0.04621
24436,0.00147
14888,0.09597
20720,0.1714
28251,0.31713
13954,0.28303
21186,0.0
18757,0.33149
7606,0.15083
9756,0.02604
11880,0.05869
13882,0.07949
17380,0.02055
28444,0.00125
24793,0.05519
11069,0.33333
12758,0.12025
13699,0.02785
1228,0.02083
19110,0.00942
10682,0.0001
9271,0.02084
20395,0.04147
26681,0.03513
8130,0.12467
27982,0.00135
5330,0.27382
27301,0.06981
26294,0.00132
22925,0.29899
23646,0.00129
5927,0.04633
20699,0.31958
16425,0.01173
26192,0.00136
13493,0.00783
2578,0.14445
13554,0.05718
3949,0.31374
2073,0.33332
22638,0.00143
5858,0.15433
6193,0.07505
14372,0.12867
14311,0.30017
27165,0.10892
29837,0.32948
25862,0.00138
6466,0.3253
2669,0.32071
7751,0.07265
19540,0.29387
13196,0.17289
439,0.04495
159,0.31314
7310,0.10618
26571,0.00505
12545,0.33333
22210,0.00127
23772,0.00131
1367,0.2214
31343,0.08741
22713,0.00442
26006,0.00126
13292,0.04335
10469,0.00129
3486,3e-05
20152,0.26131
5456,0.24648
30131,0.09435
6480,0.33259
12357,0.09123
18474,0.11583
15408,0.03975
18551,0.22517
21821,0.04712
14717,0.28179
22775,0.07755
13792,0.19831
22942,0.00129
11817,0.00434
24035,0.08557
22051,0.02385
14554,0.02683
16974,0.01814
9168,0.00194
6832,0.02946
1907,0.02587
14782,0.17253
6185,0.04062
25187,0.00146
2756,0.00015
17882,0.03719
22005,0.00126
14998,0.20609
1918,0.03951
23043,0.31396
12101,0.00102
16052,0.08376
25389,0.02643
5321,0.01837
19805,0.01873
27421,0.32743
26332,0.00142
15698,0.04577
11004,0.01976
9689,0.33308
17497,0.02072
31402,0.00137
24094,0.00046
13353,0.01751
31363,0.0
3465,0.31688
30339,0.10599
11974,0.02141
21434,0.0
31203,0.02048
29374,0.00163
6697,0.00538
289,1e-05
19301,0.09168
7856,0.0
11301,0.09202
32166,0.00126
2677,0.04364
7433,0.03087
23868,0.00131
24483,0.03284
1182,0.30662
17568,0.04072
23809,0.27958
25245,0.10353
4590,0.15376
13634,0.05807
19424,0.06461
31397,0.04849
24298,0.00127
14522,0.08208
2285,0.05573
7621,0.10785
18002,0.30583
16385,0.04646
30362,0.00131
16448,0.06351
15626,0.15952
9084,0.05121
21527,0.28313
12891,0.04317
11975,0.01007
7016,0.02332
2881,0.17491
25522,0.00129
6044,0.33333
28290,0.00124
26103,0.08384
25273,0.30627
17122,0.17408
8333,0.27832
23066,0.00126
25530,0.00131
32148,0.00143
26829,0.17755
19715,0.29539
20957,0.01141
4665,0.03009
14584,0.05557
22129,0.11987
20722,0.27009
7027,0.01
31994,0.00127
30985,0.0058
25916,0.00127
23719,0.06514
1474,0.07076
25165,0.22842
16885,0.08766
12264,0.04314
25825,0.01902
21941,0.01463
14538,0.07691
20514,0.08487
15778,0.10872
3525,0.0
14399,0.1097
1507,0.0257
3621,0.00113
1431,0.31954
6774,0.18141
971,0.0
7029,0.16807
8839,0.33202
5510,0.07421
8067,0.11485
32603,0.28557
237,0.02034
1523,0.13452
25510,0.00127
17962,0.11241
29741,0.0327
5654,0.05781
19402,0.12726
6620,0.33333
10259,0.00341
18069,0.20021
22591,0.04014
27437,0.33042
1751,0.20603
16266,0.03142
26311,0.00481
16462,0.07479
26516,0.0013
24104,0.00133
967,0.33333
1680,0.06662
2729,0.01005
11694,0.11467
23042,0.00128
7958,0.06064
20422,0.05546
7920,0.13031
8483,0.12682
7947,0.09169
27311,0.13295
20663,0.31862
22452,0.00128
12406,0.13545
18120,0.14222
1313,0.0036
2604,0.01148
14400,0.09496
12148,0.01504
7126,0.11263
508,0.00374
21325,0.15145
322,0.02795
161,0.09812
4603,0.0055
12187,0.05047
18540,0.24765
6407,0.32903
4009,0.15606
27627,0.20875
1295,0.14011
21628,0.0
27696,0.00129
32615,0.12335
32469,0.10173
32453,0.32892
4495,0.0
19030,6e-05
30808,0.00144
12231,0.33193
17381,0.00309
6917,0.03468
6493,0.13124
29963,0.10013
29102,0.00127
27992,0.00129
23472,0.00125
19986,0.11297
7216,0.14294
1694,0.32327
844,0.04481
25979,0.14792
21531,0.12981
3078,0.11753
26567,0.04781
16166,0.32408
31483,0.00361
22052,0.00497
29979,0.02363
10287,0.00197
8778,0.17375
9773,0.07871
6891,0.33333
32490,0.00126
4217,0.07268
13468,0.0042
29859,0.02032
12363,0.01374
13325,0.05911
21015,0.0006
15560,0.29914
17931,0.01249
4839,0.00336
8738,0.03188
8806,0.32616
25630,0.00137
13639,0.0039
4899,0.08427
11889,0.1152
5414,0.0
14053,0.14471
31952,0.00155
5031,0.32843
14383,0.00282
17332,0.05871
29199,0.0
24396,0.00171
11695,0.02565
23709,0.3018
6066,0.25951
7106,0.31837
12745,0.24995
16429,0.33312
306,0.00498
6791,0.03765
14729,0.00205
4898,0.16618
1642,0.00897
7985,0.00485
16739,0.00046
26290,0.00133
11899,0.00407
6474,0.00311
23217,0.01909
15588,0.08839
23138,0.00138
9965,0.20955
18026,0.07681
30733,0.07266
28594,0.00126
30791,0.00075
713,0.33333
20162,0.33331
29247,0.03585
19341,0.30716
29139,0.11721
30943,0.01278
18988,0.2082
7244,0.33333
11040,0.01489
27224,0.00127
5273,0.29424
5020,0.01443
15424,0.18112
27310,0.00176
19202,0.28534
4812,0.07059
9678,0.07544
13577,0.01599
3443,0.1484
20317,0.10357
1430,0.31414
28273,0.009
5708,0.27498
25016,0.00128
1672,0.00873
74,0.02855
4879,0.27294
13232,0.16995
6518,0.02478
20268,0.29798
19393,0.02972
7923,0.0001
27385,0.31809
19790,0.14333
13147,0.26343
17614,0.01652
5082,0.04846
3201,0.05635
8653,0.0
28598,0.00139
4679,0.06699
5143,0.00458
12021,0.04895
21412,0.02398
19548,0.06467
3309,0.1096
10625,0.20411
13450,0.02471
27771,0.00599
28137,0.28474
23557,0.00595
16822,0.15529
5100,0.1015
10067,0.06425
14141,0.2897
20474,0.25293
31285,0.30451
9133,0.02815
31913,0.04671
28373,0.02621
8565,0.09764
31198,0.00129
29850,0.00144
12993,0.03311
1981,0.02148
23996,0.00127
12228,0.18194
14107,0.20808
64,0.16749
4501,0.03459
22435,0.10467
14923,0.31595
20499,0.12393
28919,0.00782
