16739,POS消费,地点1155,食堂,2014/09/01 08:02:17,3.1,25.74
16739,POS消费,地点256,食堂,2014/09/01 11:49:50,10.0,15.74
16739,POS消费,地点91,校车,2014/09/01 17:03:00,5.6,10.14
16739,卡充值,,,2014/09/01 17:17:58,500.0,510.14
16739,POS消费,地点587,淋浴,2014/09/01 18:01:08,1.1,509.04
16739,POS消费,地点238,食堂,2014/09/02 11:54:28,10.0,499.04
16739,POS消费,地点256,食堂,2014/09/02 17:05:30,10.0,489.04
16739,POS消费,地点587,淋浴,2014/09/02 18:00:31,0.3,488.74
16739,POS消费,地点589,淋浴,2014/09/02 18:03:21,0.1,488.64
16739,POS消费,地点6,淋浴,2014/09/02 18:04:58,1.0,487.54
16739,POS消费,地点1165,洗衣房,2014/09/02 18:21:57,3.6,483.94
16739,POS消费,地点256,食堂,2014/09/03 11:06:02,10.0,473.94
16739,POS消费,地点258,食堂,2014/09/03 11:07:08,3.2,470.74
16739,POS消费,地点256,食堂,2014/09/03 17:06:19,10.0,460.74
16739,POS消费,地点106,开水,2014/09/03 21:02:49,0.01,459.73
16739,POS消费,地点6,淋浴,2014/09/03 23:14:49,1.0,459.74
16739,POS消费,地点256,食堂,2014/09/04 11:49:59,10.0,449.73
16739,POS消费,地点256,食堂,2014/09/04 17:25:27,10.0,433.83
16739,POS消费,地点1036,食堂,2014/09/04 17:26:39,2.5,431.33
16739,POS消费,地点256,食堂,2014/09/05 11:49:52,10.0,421.33
16739,POS消费,地点1961,超市,2014/09/05 16:47:35,44.0,377.33
16739,POS消费,地点21,开水,2014/09/05 17:02:22,4.6,372.73
16739,POS消费,地点21,开水,2014/09/05 17:03:31,1.5,371.23
16739,POS消费,地点1163,洗衣房,2014/09/05 20:59:44,3.6,443.83
16739,POS消费,地点195,超市,2014/09/05 21:21:11,30.0,339.93
16739,POS消费,地点195,超市,2014/09/05 21:21:15,8.5,331.43
16739,POS消费,地点6,淋浴,2014/09/06 02:21:51,2.3,447.43
16739,POS消费,地点6,淋浴,2014/09/06 02:25:37,1.3,369.93
16739,POS消费,地点21,开水,2014/09/06 08:32:06,1.4,330.03
16739,POS消费,地点21,开水,2014/09/06 08:32:25,0.7,329.33
16739,POS消费,地点256,食堂,2014/09/08 11:13:49,10.0,318.32
16739,POS消费,地点1155,食堂,2014/09/08 17:26:24,2.9,310.62
16739,POS消费,地点256,食堂,2014/09/09 11:43:29,10.0,300.62
16739,POS消费,地点258,食堂,2014/09/09 11:45:48,3.2,297.42
16739,POS消费,地点256,食堂,2014/09/09 17:53:24,8.0,289.42
16739,POS消费,地点1164,洗衣房,2014/09/09 18:56:25,3.6,313.52
16739,POS消费,地点6,淋浴,2014/09/09 18:58:11,1.0,328.33
16739,POS消费,地点256,食堂,2014/09/10 11:48:56,10.0,277.51
16739,POS消费,地点1155,食堂,2014/09/10 16:00:37,2.9,274.61
16739,POS消费,地点256,食堂,2014/09/10 17:41:16,10.0,259.71
16739,POS消费,地点258,食堂,2014/09/10 17:42:22,3.2,256.51
16739,POS消费,地点256,食堂,2014/09/11 11:53:11,10.0,246.51
16739,POS消费,地点106,开水,2014/09/11 16:10:45,0.01,328.32
16739,POS消费,地点597,淋浴,2014/09/11 16:15:50,0.1,274.41
16739,POS消费,地点1163,洗衣房,2014/09/11 16:16:25,3.6,269.71
16739,POS消费,地点106,开水,2014/09/11 16:17:00,0.01,288.31
16739,POS消费,地点586,淋浴,2014/09/11 16:17:18,1.1,273.31
16739,POS消费,地点6,淋浴,2014/09/11 16:17:44,1.2,317.12
16739,POS消费,地点589,淋浴,2014/09/11 16:20:17,0.1,274.51
16739,POS消费,地点6,淋浴,2014/09/11 16:29:39,0.8,287.51
16739,POS消费,地点6,淋浴,2014/09/11 16:31:20,1.1,288.32
16739,POS消费,地点586,淋浴,2014/09/11 17:09:43,0.2,246.31
16739,POS消费,地点599,淋浴,2014/09/11 17:13:43,0.1,246.21
16739,POS消费,地点593,淋浴,2014/09/11 17:32:21,0.1,246.11
16739,POS消费,地点1155,食堂,2014/09/11 18:44:31,2.9,243.21
16739,POS消费,地点256,食堂,2014/09/12 11:50:00,10.0,233.21
16739,POS消费,地点6,淋浴,2014/09/12 17:20:18,1.9,231.31
16739,POS消费,地点1166,洗衣房,2014/09/12 17:43:35,3.6,227.71
16739,POS消费,地点256,食堂,2014/09/13 16:52:44,8.0,219.71
16739,POS消费,地点587,淋浴,2014/09/13 18:02:24,1.3,218.41
16739,POS消费,地点106,开水,2014/09/13 21:20:00,0.01,218.4
16739,POS消费,地点21,开水,2014/09/14 16:46:22,11.2,207.2
16739,POS消费,地点6,淋浴,2014/09/14 17:17:17,1.2,206.0
16739,POS消费,地点1163,洗衣房,2014/09/14 17:37:29,3.6,202.4
16739,POS消费,地点1163,洗衣房,2014/09/14 18:21:06,-0.84,203.24
16739,POS消费,地点106,开水,2014/09/14 21:05:53,0.01,203.23
16739,POS消费,地点6,淋浴,2014/09/15 18:16:08,1.0,202.23
16739,POS消费,地点106,开水,2014/09/15 21:06:47,0.01,202.22
16739,POS消费,地点587,淋浴,2014/09/16 18:29:54,1.2,201.02
16739,POS消费,地点1166,洗衣房,2014/09/16 18:44:49,3.6,197.42
16739,POS消费,地点256,食堂,2014/09/17 11:48:25,10.0,187.42
16739,POS消费,地点258,食堂,2014/09/17 16:45:35,3.2,184.22
16739,POS消费,地点256,食堂,2014/09/17 16:47:02,8.0,176.22
16739,POS消费,地点280,食堂,2014/09/17 16:47:57,3.0,173.22
16739,POS消费,地点6,淋浴,2014/09/17 17:20:57,1.5,171.72
16739,POS消费,地点106,开水,2014/09/17 21:23:23,0.01,171.71
16739,POS消费,地点256,食堂,2014/09/18 11:03:40,10.0,161.71
16739,POS消费,地点21,开水,2014/09/18 14:57:00,12.1,149.61
16739,POS消费,地点21,开水,2014/09/18 14:57:05,3.0,146.61
16739,POS消费,地点821,食堂,2014/09/18 17:05:26,5.6,141.01
16739,POS消费,地点839,食堂,2014/09/18 17:05:31,4.0,137.01
16739,POS消费,地点587,淋浴,2014/09/18 18:38:27,1.1,135.91
16739,POS消费,地点1163,洗衣房,2014/09/18 18:40:27,3.6,132.31
16739,POS消费,地点106,开水,2014/09/18 21:22:46,0.01,132.3
16739,POS消费,地点6,淋浴,2014/09/19 17:02:42,1.4,130.9
16739,POS消费,地点996,图书馆,2014/09/19 19:25:38,2.8,128.1
16739,POS消费,地点118,食堂,2014/09/19 21:09:50,9.5,118.6
16739,POS消费,地点256,食堂,2014/09/20 11:50:20,10.0,108.6
16739,POS消费,地点587,淋浴,2014/09/20 17:05:59,1.2,107.4
16739,POS消费,地点1165,洗衣房,2014/09/20 17:24:22,3.6,103.8
16739,POS消费,地点256,食堂,2014/09/20 17:45:39,10.0,93.8
16739,POS消费,地点1961,超市,2014/09/20 20:18:47,31.7,62.1
16739,POS消费,地点106,开水,2014/09/21 12:34:50,0.01,62.09
16739,POS消费,地点587,淋浴,2014/09/21 17:05:08,1.7,60.39
16739,POS消费,地点256,食堂,2014/09/21 17:48:30,10.0,50.39
16739,POS消费,地点258,食堂,2014/09/21 17:49:28,3.2,47.19
16739,POS消费,地点211,校车,2014/09/21 18:12:56,1.0,46.19
16739,POS消费,地点211,校车,2014/09/21 18:13:03,1.0,45.19
16739,卡充值,,,2014/09/22 11:01:48,200.0,245.19
16739,POS消费,地点256,食堂,2014/09/22 11:02:24,8.0,237.19
16739,POS消费,地点256,食堂,2014/09/22 17:49:31,10.0,227.19
16739,POS消费,地点587,淋浴,2014/09/22 18:23:46,1.2,225.99
16739,POS消费,地点1165,洗衣房,2014/09/22 18:26:15,3.6,222.39
16739,POS消费,地点256,食堂,2014/09/23 11:55:44,10.0,212.39
16739,POS消费,地点232,食堂,2014/09/23 17:25:36,10.9,201.49
16739,POS消费,地点589,淋浴,2014/09/23 18:52:10,0.1,201.09
16739,POS消费,地点587,淋浴,2014/09/23 18:52:17,0.3,201.19
16739,POS消费,地点6,淋浴,2014/09/23 18:52:40,1.3,199.79
16739,POS消费,地点1165,洗衣房,2014/09/23 19:08:15,3.6,196.19
16739,POS消费,地点1165,洗衣房,2014/09/23 20:43:10,3.6,192.59
16739,POS消费,地点106,开水,2014/09/23 21:42:31,0.01,192.58
16739,POS消费,地点1163,洗衣房,2014/09/23 21:47:07,3.6,188.98
16739,POS消费,地点256,食堂,2014/09/24 11:50:36,10.0,178.98
16739,POS消费,地点256,食堂,2014/09/24 17:45:06,10.0,167.58
16739,POS消费,地点6,淋浴,2014/09/24 20:06:30,1.4,177.58
16739,POS消费,地点106,开水,2014/09/24 21:33:00,0.01,167.57
16739,POS消费,地点6,淋浴,2014/09/25 16:23:04,1.3,166.27
16739,POS消费,地点1551,食堂,2014/09/25 17:00:25,12.6,153.67
16739,POS消费,地点1165,洗衣房,2014/09/26 00:29:12,3.6,150.07
16739,POS消费,地点218,食堂,2014/09/26 16:56:08,2.9,147.17
16739,POS消费,地点6,淋浴,2014/09/26 21:21:02,1.1,146.07
16739,POS消费,地点256,食堂,2014/09/27 12:12:18,10.0,136.07
16739,卡充值,,,2014/09/27 12:27:13,300.0,436.07
16739,POS消费,地点2026,淋浴,2014/09/27 17:31:11,1.3,434.77
16739,POS消费,地点1551,食堂,2014/09/27 17:53:07,8.6,426.17
16739,POS消费,地点256,食堂,2014/09/28 11:04:45,10.0,416.17
16739,POS消费,地点1155,食堂,2014/09/28 14:11:24,2.9,413.27
16739,POS消费,地点1551,食堂,2014/09/28 17:03:29,12.6,400.67
16739,POS消费,地点2026,淋浴,2014/09/28 17:44:42,0.9,399.77
16739,POS消费,地点2026,淋浴,2014/09/28 17:55:40,0.5,399.27
16739,POS消费,地点1155,食堂,2014/09/29 14:14:24,2.9,376.37
16739,,,,2014/09/29 14:16:38,20.0,379.27
16739,POS消费,地点2026,淋浴,2014/09/29 17:43:08,0.7,375.67
16739,POS消费,地点2026,淋浴,2014/09/29 18:01:27,0.8,374.87
16739,POS消费,地点1165,洗衣房,2014/09/29 18:02:06,3.6,371.27
16739,POS消费,地点1165,洗衣房,2014/09/29 18:02:24,3.6,371.21
16739,POS消费,地点1165,洗衣房,2014/09/29 18:04:01,-3.54,374.81
16739,POS消费,地点238,食堂,2014/09/29 18:45:10,7.0,364.21
16739,POS消费,地点281,超市,2014/09/30 11:51:23,8.0,356.21
16739,POS消费,地点1551,食堂,2014/09/30 11:52:43,0.6,355.61
16739,POS消费,地点1155,食堂,2014/09/30 14:15:10,2.9,352.71
16739,POS消费,地点238,食堂,2014/09/30 17:06:14,5.0,347.71
16739,POS消费,地点2026,淋浴,2014/09/30 19:57:20,1.2,346.51
16739,POS消费,地点190,超市,2014/09/30 20:45:53,16.6,329.91
16739,POS消费,地点21,开水,2014/09/30 20:46:48,13.9,316.01
16739,POS消费,地点232,食堂,2014/10/01 10:55:53,7.6,308.41
16739,POS消费,地点21,开水,2014/10/01 11:01:00,1.0,307.41
16739,POS消费,地点21,开水,2014/10/01 11:01:56,1.5,305.91
16739,POS消费,地点21,开水,2014/10/01 11:26:23,24.1,281.81
16739,POS消费,地点2026,淋浴,2014/10/01 18:40:10,1.0,280.81
16739,POS消费,地点1164,洗衣房,2014/10/01 20:35:09,3.6,277.21
16739,POS消费,地点1164,洗衣房,2014/10/01 20:35:27,-3.54,280.75
16739,POS消费,地点106,开水,2014/10/03 10:58:05,0.01,280.74
16739,POS消费,地点2026,淋浴,2014/10/03 11:00:03,1.0,279.74
16739,POS消费,地点106,开水,2014/10/03 11:06:18,0.01,279.73
16739,POS消费,地点106,开水,2014/10/03 11:57:57,0.01,279.72
16739,POS消费,地点2026,淋浴,2014/10/03 17:08:42,1.1,278.62
16739,POS消费,地点195,超市,2014/10/04 12:08:53,16.9,261.72
16739,POS消费,地点2026,淋浴,2014/10/04 17:50:52,1.2,260.52
16739,POS消费,地点2026,淋浴,2014/10/05 17:58:48,1.0,259.52
16739,POS消费,地点2026,淋浴,2014/10/06 16:55:34,1.0,258.52
16739,POS消费,地点256,食堂,2014/10/07 11:55:41,8.0,250.52
16739,POS消费,地点258,食堂,2014/10/07 12:02:20,3.2,247.32
16739,POS消费,地点256,食堂,2014/10/07 17:50:15,10.0,237.32
16739,POS消费,地点256,食堂,2014/10/07 17:52:16,8.5,228.82
16739,POS消费,地点2026,淋浴,2014/10/07 19:12:34,1.4,227.42
16739,POS消费,地点256,食堂,2014/10/08 11:50:45,10.0,217.42
16739,POS消费,地点2026,淋浴,2014/10/08 16:40:44,1.0,216.42
16739,POS消费,地点256,食堂,2014/10/08 17:19:12,10.0,206.42
16739,POS消费,地点258,食堂,2014/10/08 17:32:19,3.2,203.22
16739,POS消费,地点256,食堂,2014/10/09 11:50:13,8.0,195.22
16739,POS消费,地点2026,淋浴,2014/10/09 16:00:23,0.7,194.52
16739,POS消费,地点2026,淋浴,2014/10/09 16:01:07,1.0,193.52
16739,POS消费,地点1985,食堂,2014/10/09 17:04:13,15.6,177.92
16739,POS消费,地点2026,淋浴,2014/10/10 17:22:59,0.8,177.12
16739,POS消费,地点2026,淋浴,2014/10/10 17:35:17,0.5,176.62
16739,POS消费,地点256,食堂,2014/10/10 18:01:52,10.0,166.62
16739,POS消费,地点258,食堂,2014/10/10 18:03:24,3.2,163.42
16739,POS消费,地点106,开水,2014/10/10 21:43:38,0.01,163.41
16739,POS消费,地点256,食堂,2014/10/11 11:53:18,10.0,153.41
16739,POS消费,地点256,食堂,2014/10/11 17:54:52,10.0,143.41
16739,POS消费,地点2026,淋浴,2014/10/11 19:16:00,1.0,142.41
16739,POS消费,地点106,开水,2014/10/11 20:15:52,0.01,142.4
16739,POS消费,地点2026,淋浴,2014/10/12 17:48:56,1.7,140.7
16739,POS消费,地点2026,淋浴,2014/10/12 18:13:35,0.4,140.3
16739,POS消费,地点106,开水,2014/10/12 21:13:11,0.01,140.29
16739,POS消费,地点232,食堂,2014/10/13 07:49:54,4.0,136.29
16739,POS消费,地点1551,食堂,2014/10/13 11:01:55,12.6,123.69
16739,POS消费,地点256,食堂,2014/10/13 17:21:16,10.0,113.69
16739,POS消费,地点2026,淋浴,2014/10/13 17:55:11,1.2,112.49
16739,POS消费,地点21,开水,2014/10/14 07:12:20,2.5,109.99
16739,POS消费,地点256,食堂,2014/10/14 17:52:38,10.0,99.99
16739,POS消费,地点2026,淋浴,2014/10/14 18:24:15,1.2,98.79
16739,POS消费,地点280,食堂,2014/10/15 11:02:36,12.6,86.19
16739,POS消费,地点21,开水,2014/10/15 15:59:41,13.95,372.24
16739,POS消费,地点21,开水,2014/10/15 15:59:48,12.1,360.14
16739,卡充值,,,2014/10/15 16:02:14,300.0,386.19
16739,POS消费,地点2026,淋浴,2014/10/15 16:51:18,1.3,358.84
16739,POS消费,地点193,食堂,2014/10/15 17:32:27,3.0,343.24
16739,POS消费,地点280,食堂,2014/10/15 17:32:53,12.6,346.24
16739,POS消费,地点2026,淋浴,2014/10/16 16:32:51,1.0,342.24
16739,POS消费,地点2026,淋浴,2014/10/16 16:46:12,0.5,341.74
16739,POS消费,地点2026,淋浴,2014/10/16 16:56:04,0.3,341.44
16739,POS消费,地点256,食堂,2014/10/16 17:28:32,8.0,333.44
16739,POS消费,地点238,食堂,2014/10/16 17:29:10,2.0,331.44
16739,POS消费,地点211,校车,2014/10/17 18:42:11,1.0,330.44
16739,POS消费,地点2026,淋浴,2014/10/17 19:24:15,1.1,329.34
16739,POS消费,地点280,食堂,2014/10/18 11:15:14,12.6,316.74
16739,POS消费,地点1472,校车,2014/10/18 16:49:00,1.0,315.74
16739,POS消费,地点1442,校车,2014/10/18 18:56:52,1.0,314.74
16739,POS消费,地点587,淋浴,2014/10/18 19:25:07,0.2,314.54
16739,POS消费,地点589,淋浴,2014/10/18 19:26:35,0.1,314.44
16739,POS消费,地点588,淋浴,2014/10/18 19:27:13,0.1,314.34
16739,POS消费,地点586,淋浴,2014/10/18 19:41:40,1.1,313.24
16739,POS消费,地点106,开水,2014/10/18 19:52:29,0.01,313.23
16739,POS消费,地点256,食堂,2014/10/19 11:25:39,10.0,303.23
16739,POS消费,地点2026,淋浴,2014/10/19 17:41:59,1.1,302.13
16739,POS消费,地点530,开水,2014/10/20 09:58:05,0.02,302.11
16739,POS消费,地点169,开水,2014/10/20 14:09:22,0.01,302.1
16739,POS消费,地点256,食堂,2014/10/20 17:50:15,10.0,292.1
16739,POS消费,地点2026,淋浴,2014/10/20 18:21:49,0.3,291.8
16739,POS消费,地点2026,淋浴,2014/10/20 18:29:18,0.6,291.2
16739,POS消费,地点169,开水,2014/10/20 19:08:44,0.01,291.19
16739,POS消费,地点142,开水,2014/10/21 10:00:33,0.02,291.17
16739,POS消费,地点256,食堂,2014/10/21 11:50:49,10.0,281.17
16739,POS消费,地点680,开水,2014/10/21 15:18:07,0.01,281.16
16739,POS消费,地点256,食堂,2014/10/21 17:55:02,10.0,271.16
16739,POS消费,地点2026,淋浴,2014/10/21 19:42:29,1.2,269.96
16739,POS消费,地点256,食堂,2014/10/22 11:49:32,10.0,259.96
16739,POS消费,地点2026,淋浴,2014/10/22 17:30:21,1.0,258.96
16739,POS消费,地点256,食堂,2014/10/23 11:50:16,10.0,248.96
16739,POS消费,地点21,开水,2014/10/23 15:26:59,9.5,239.46
16739,POS消费,地点2026,淋浴,2014/10/23 17:28:11,1.1,238.36
16739,POS消费,地点256,食堂,2014/10/23 17:50:38,10.0,228.35
16739,POS消费,地点169,开水,2014/10/23 17:56:05,0.01,238.35
16739,POS消费,地点21,开水,2014/10/24 08:13:38,1.33,227.02
16739,POS消费,地点256,食堂,2014/10/24 11:42:03,10.0,217.02
16739,POS消费,地点2026,淋浴,2014/10/24 20:21:03,1.1,215.92
16739,POS消费,地点256,食堂,2014/10/25 11:36:34,10.0,205.92
16739,POS消费,地点1961,超市,2014/10/25 17:13:29,35.8,170.12
16739,POS消费,地点2026,淋浴,2014/10/25 20:04:05,0.8,169.32
16739,POS消费,地点112,开水,2014/10/25 23:15:34,0.01,169.31
16739,POS消费,地点256,食堂,2014/10/26 11:45:09,10.0,159.31
16739,POS消费,地点211,校车,2014/10/26 13:59:14,1.0,158.31
16739,POS消费,地点2026,淋浴,2014/10/26 17:47:07,1.0,157.31
16739,POS消费,地点91,校车,2014/10/27 11:58:44,3.5,153.81
16739,POS消费,地点256,食堂,2014/10/27 17:44:17,10.0,143.81
16739,POS消费,地点2026,淋浴,2014/10/27 19:00:45,0.8,143.01
16739,POS消费,地点256,食堂,2014/10/28 11:49:22,10.0,133.01
16739,POS消费,地点835,开水,2014/10/28 16:14:45,0.01,133.0
16739,POS消费,地点256,食堂,2014/10/28 17:52:57,10.0,123.0
16739,POS消费,地点2026,淋浴,2014/10/28 19:12:27,1.0,122.0
16739,POS消费,地点112,开水,2014/10/28 20:46:12,0.01,121.99
16739,POS消费,地点213,食堂,2014/10/29 10:05:37,0.45,121.54
16739,POS消费,地点256,食堂,2014/10/29 11:48:13,10.0,111.54
16739,POS消费,地点281,超市,2014/10/29 17:42:27,8.0,98.94
16739,POS消费,地点1551,食堂,2014/10/29 17:44:25,0.6,98.34
16739,POS消费,地点258,食堂,2014/10/29 17:46:29,3.2,95.14
16739,POS消费,地点1163,洗衣房,2014/10/29 23:04:01,3.6,106.94
16739,POS消费,地点2026,淋浴,2014/10/29 23:05:42,1.0,110.54
16739,POS消费,地点256,食堂,2014/10/30 11:50:37,10.0,85.14
16739,POS消费,地点118,食堂,2014/10/30 12:27:43,4.9,80.24
16739,POS消费,地点281,超市,2014/10/30 18:40:16,8.0,70.94
16739,POS消费,地点1551,食堂,2014/10/30 18:41:42,0.6,70.34
16739,POS消费,地点2026,淋浴,2014/10/30 19:26:50,0.9,79.34
16739,POS消费,地点2026,淋浴,2014/10/30 19:26:58,0.4,78.94
16739,POS消费,地点2043,食堂,2014/10/31 08:50:26,5.4,64.94
16739,POS消费,地点211,校车,2014/10/31 14:03:16,1.0,63.94
16739,POS消费,地点2026,淋浴,2014/10/31 19:19:26,1.0,62.94
16739,POS消费,地点1451,校车,2014/11/01 13:16:02,1.0,60.94
16739,POS消费,地点586,淋浴,2014/11/01 21:00:47,0.1,60.84
16739,POS消费,地点586,淋浴,2014/11/01 21:00:59,0.1,60.74
16739,POS消费,地点589,淋浴,2014/11/01 21:05:48,1.3,59.44
16739,POS消费,地点21,开水,2014/11/02 11:59:25,2.6,56.84
16739,POS消费,地点91,校车,2014/11/02 12:00:44,3.0,53.84
16739,POS消费,地点6,淋浴,2014/11/02 20:16:57,1.0,52.84
16739,POS消费,地点91,校车,2014/11/03 11:09:51,5.4,47.44
16739,POS消费,地点91,校车,2014/11/03 11:10:18,1.5,45.94
16739,卡充值,,,2014/11/03 11:14:55,300.0,345.94
16739,POS消费,地点792,开水,2014/11/03 15:17:07,0.01,345.93
16739,POS消费,地点207,开水,2014/11/03 16:08:32,0.01,345.92
16739,POS消费,地点256,食堂,2014/11/03 17:49:55,10.0,335.92
16739,POS消费,地点6,淋浴,2014/11/03 18:48:24,0.5,335.42
16739,POS消费,地点256,食堂,2014/11/04 11:48:29,10.0,325.42
16739,POS消费,地点169,开水,2014/11/04 12:07:50,0.01,325.41
16739,POS消费,地点836,开水,2014/11/04 16:20:31,0.01,325.4
16739,POS消费,地点256,食堂,2014/11/04 17:53:16,10.0,315.4
16739,POS消费,地点2026,淋浴,2014/11/04 19:07:48,1.0,314.4
16739,POS消费,地点256,食堂,2014/11/05 11:50:02,10.0,304.4
16739,POS消费,地点2026,淋浴,2014/11/05 17:44:04,0.9,303.5
16739,POS消费,地点280,食堂,2014/11/05 18:45:53,12.6,290.9
16739,POS消费,地点238,食堂,2014/11/06 12:23:41,7.0,283.9
16739,POS消费,地点586,淋浴,2014/11/06 16:39:05,0.1,283.8
16739,POS消费,地点589,淋浴,2014/11/06 16:39:40,1.0,282.8
16739,POS消费,地点1155,食堂,2014/11/07 15:41:46,10.4,272.4
16739,POS消费,地点2026,淋浴,2014/11/07 18:38:16,1.1,271.3
16739,POS消费,地点106,开水,2014/11/08 06:00:20,0.01,271.28
16739,POS消费,地点112,开水,2014/11/08 06:00:28,0.01,271.29
16739,POS消费,地点256,食堂,2014/11/08 11:19:29,10.0,261.28
16739,POS消费,地点2026,淋浴,2014/11/08 19:32:38,1.0,260.28
16739,POS消费,地点1165,洗衣房,2014/11/08 19:35:19,3.6,256.68
16739,POS消费,地点1165,洗衣房,2014/11/08 19:35:25,-3.54,260.22
16739,POS消费,地点1165,洗衣房,2014/11/08 19:36:01,3.6,256.62
16739,POS消费,地点1551,食堂,2014/11/09 11:26:01,0.6,248.02
16739,POS消费,地点281,超市,2014/11/09 11:34:02,8.0,248.62
16739,POS消费,地点2026,淋浴,2014/11/09 18:08:43,0.7,247.32
16739,POS消费,地点1155,食堂,2014/11/09 18:29:16,4.6,242.72
16739,POS消费,地点256,食堂,2014/11/10 17:50:29,10.0,232.72
16739,POS消费,地点2026,淋浴,2014/11/10 19:06:17,1.0,231.72
16739,POS消费,地点256,食堂,2014/11/11 11:54:21,10.0,218.12
16739,POS消费,地点258,食堂,2014/11/11 11:54:42,3.2,214.92
16739,POS消费,地点1163,洗衣房,2014/11/11 13:49:39,3.6,228.12
16739,POS消费,地点256,食堂,2014/11/11 17:55:02,10.0,204.92
16739,POS消费,地点2026,淋浴,2014/11/11 20:36:20,1.1,203.82
16739,POS消费,地点106,开水,2014/11/11 23:53:55,0.01,203.81
16739,POS消费,地点691,开水,2014/11/12 10:11:39,0.01,203.8
16739,POS消费,地点256,食堂,2014/11/12 11:51:28,10.0,193.8
16739,POS消费,地点2026,淋浴,2014/11/12 18:08:16,0.9,192.9
16739,POS消费,地点1163,洗衣房,2014/11/12 18:18:25,3.6,189.3
16739,POS消费,地点1551,食堂,2014/11/12 18:34:25,12.6,176.7
16739,POS消费,地点207,开水,2014/11/13 10:14:38,0.01,176.69
16739,POS消费,地点256,食堂,2014/11/13 11:49:44,10.0,166.69
16739,POS消费,地点2026,淋浴,2014/11/13 18:08:53,1.1,165.59
16739,POS消费,地点680,开水,2014/11/14 10:13:14,0.01,165.58
16739,POS消费,地点256,食堂,2014/11/14 11:50:24,10.0,155.58
16739,POS消费,地点2026,淋浴,2014/11/14 18:17:23,1.0,154.58
16739,POS消费,地点1166,洗衣房,2014/11/14 18:19:20,3.6,150.98
16739,POS消费,地点2026,淋浴,2014/11/15 20:11:40,1.3,149.68
16739,POS消费,地点106,开水,2014/11/15 21:05:36,0.01,149.67
16739,POS消费,地点2026,淋浴,2014/11/16 19:03:17,0.8,148.87
16739,POS消费,地点1164,洗衣房,2014/11/16 19:05:12,3.6,145.27
16739,POS消费,地点256,食堂,2014/11/17 11:30:57,10.0,135.27
16739,POS消费,地点258,食堂,2014/11/17 11:31:17,3.2,132.07
16739,POS消费,地点256,食堂,2014/11/17 17:50:20,10.0,122.07
16739,POS消费,地点2026,淋浴,2014/11/17 18:32:40,0.8,121.27
16739,POS消费,地点280,食堂,2014/11/18 11:20:17,12.6,108.67
16739,POS消费,地点256,食堂,2014/11/18 17:57:08,10.0,98.67
16739,POS消费,地点1036,食堂,2014/11/18 18:09:18,2.03,96.64
16739,POS消费,地点2026,淋浴,2014/11/18 20:22:24,1.1,95.54
16739,POS消费,地点1166,洗衣房,2014/11/18 20:35:29,3.6,91.94
16739,POS消费,地点106,开水,2014/11/18 21:12:41,0.01,91.93
16739,POS消费,地点256,食堂,2014/11/19 11:52:19,10.0,81.93
16739,POS消费,地点1155,食堂,2014/11/19 13:58:52,3.2,78.73
16739,POS消费,地点146,校车,2014/11/19 16:37:06,1.0,77.73
16739,POS消费,地点2026,淋浴,2014/11/19 19:47:24,1.1,76.63
16739,POS消费,地点256,食堂,2014/11/20 11:02:21,19.0,57.63
16739,POS消费,地点1551,食堂,2014/11/20 17:21:52,0.6,47.03
16739,POS消费,地点281,超市,2014/11/20 17:31:53,10.0,47.63
16739,POS消费,地点2026,淋浴,2014/11/20 18:23:31,1.3,45.73
16739,POS消费,地点1164,洗衣房,2014/11/20 18:26:30,3.6,42.13
16739,POS消费,地点106,开水,2014/11/20 21:11:46,0.01,42.12
16739,POS消费,地点256,食堂,2014/11/21 11:50:31,10.0,32.12
16739,POS消费,地点146,校车,2014/11/21 16:14:42,1.0,31.12
16739,POS消费,地点2026,淋浴,2014/11/21 20:07:26,1.1,30.02
16739,POS消费,地点106,开水,2014/11/22 18:30:40,0.01,30.01
16739,POS消费,地点6,淋浴,2014/11/22 20:06:07,1.0,29.01
16739,POS消费,地点1164,洗衣房,2014/11/22 20:18:42,3.6,25.41
16739,POS消费,地点2026,淋浴,2014/11/23 18:49:03,0.9,24.51
16739,POS消费,地点106,开水,2014/11/23 22:19:00,0.01,24.5
16739,POS消费,地点256,食堂,2014/11/24 11:34:55,10.2,314.3
16739,卡充值,,,2014/11/24 11:41:26,300.0,324.5
16739,POS消费,地点256,食堂,2014/11/24 17:50:49,10.0,304.3
16739,POS消费,地点2026,淋浴,2014/11/24 18:48:26,1.1,303.2
16739,POS消费,地点1165,洗衣房,2014/11/24 18:48:26,3.6,299.6
16739,POS消费,地点256,食堂,2014/11/25 11:50:46,10.0,289.6
16739,POS消费,地点1036,食堂,2014/11/25 11:54:11,1.5,288.1
16739,POS消费,地点280,食堂,2014/11/25 18:04:38,12.6,275.5
16739,POS消费,地点2026,淋浴,2014/11/25 20:39:31,1.2,274.3
16739,POS消费,地点256,食堂,2014/11/26 11:51:55,10.0,264.3
16739,POS消费,地点148,开水,2014/11/26 14:29:09,0.01,264.29
16739,POS消费,地点148,开水,2014/11/26 15:46:32,0.01,264.28
16739,POS消费,地点2026,淋浴,2014/11/26 22:01:29,1.1,263.18
16739,POS消费,地点1163,洗衣房,2014/11/26 22:02:37,3.6,259.58
16739,POS消费,地点256,食堂,2014/11/27 11:50:23,10.0,249.58
16739,POS消费,地点21,开水,2014/11/27 15:41:52,28.68,220.9
16739,POS消费,地点587,淋浴,2014/11/27 18:39:50,1.0,219.9
16739,POS消费,地点596,淋浴,2014/11/28 09:57:53,1.0,218.9
16739,POS消费,地点258,食堂,2014/11/28 11:55:25,3.2,205.7
16739,POS消费,地点256,食堂,2014/11/28 11:55:27,10.0,208.9
16739,POS消费,地点238,食堂,2014/11/28 18:33:04,10.0,195.7
16739,POS消费,地点6,淋浴,2014/11/28 20:45:34,0.7,195.0
16739,POS消费,地点1163,洗衣房,2014/11/28 20:55:24,3.6,191.4
16739,POS消费,地点1155,食堂,2014/11/29 07:37:05,3.2,188.2
16739,POS消费,地点220,校车,2014/11/29 08:08:08,4.0,184.2
16739,POS消费,地点1395,校车,2014/11/29 17:48:56,2.0,182.2
16739,POS消费,地点2026,淋浴,2014/11/29 22:03:12,0.9,181.3
16739,POS消费,地点106,开水,2014/11/30 21:27:46,0.01,181.29
16739,POS消费,地点6,淋浴,2014/11/30 21:31:01,0.8,180.49
16739,POS消费,地点1163,洗衣房,2014/11/30 21:40:25,3.6,176.89
16739,POS消费,地点1155,食堂,2014/12/01 08:20:26,2.5,174.39
16739,POS消费,地点256,食堂,2014/12/01 11:50:42,10.0,164.39
16739,POS消费,地点207,开水,2014/12/01 16:17:15,0.01,164.38
16739,POS消费,地点256,食堂,2014/12/01 17:50:22,10.0,154.38
16739,POS消费,地点2026,淋浴,2014/12/01 19:13:37,1.0,153.38
16739,POS消费,地点258,食堂,2014/12/02 11:49:05,3.2,140.18
16739,POS消费,地点256,食堂,2014/12/02 11:49:38,10.0,143.38
16739,POS消费,地点256,食堂,2014/12/02 17:54:52,10.0,130.18
16739,POS消费,地点2026,淋浴,2014/12/02 21:17:00,1.0,129.18
16739,POS消费,地点1163,洗衣房,2014/12/02 21:28:57,3.6,125.58
16739,POS消费,地点256,食堂,2014/12/03 11:48:55,10.0,115.58
16739,POS消费,地点2026,淋浴,2014/12/03 18:13:42,1.6,113.98
16739,POS消费,地点106,开水,2014/12/03 21:50:32,0.01,113.97
16739,POS消费,地点530,开水,2014/12/04 10:16:30,0.01,113.96
16739,POS消费,地点530,开水,2014/12/04 11:05:32,0.01,113.95
16739,POS消费,地点256,食堂,2014/12/04 11:50:30,10.0,103.95
16739,POS消费,地点21,开水,2014/12/04 14:57:40,13.3,90.65
16739,POS消费,地点21,开水,2014/12/04 14:57:48,2.3,88.35
16739,POS消费,地点2026,淋浴,2014/12/04 17:25:36,1.1,87.25
16739,POS消费,地点1165,洗衣房,2014/12/04 17:37:53,3.6,83.65
16739,POS消费,地点256,食堂,2014/12/04 17:54:50,10.0,73.65
16739,POS消费,地点789,开水,2014/12/04 20:18:01,0.01,73.64
16739,POS消费,地点256,食堂,2014/12/05 11:52:16,10.0,63.64
16739,POS消费,地点1155,食堂,2014/12/05 13:07:41,3.2,60.44
16739,POS消费,地点1456,校车,2014/12/05 16:09:47,2.0,58.44
16739,POS消费,地点2026,淋浴,2014/12/06 05:59:46,1.0,55.44
16739,POS消费,地点106,开水,2014/12/06 12:57:19,0.01,55.43
16739,POS消费,地点2026,淋浴,2014/12/06 18:03:49,1.4,54.03
16739,POS消费,地点1165,洗衣房,2014/12/06 18:19:15,3.6,50.43
16739,POS消费,地点106,开水,2014/12/07 13:32:33,0.01,50.42
16739,POS消费,地点106,开水,2014/12/07 18:54:59,0.01,50.41
16739,POS消费,地点2026,淋浴,2014/12/07 19:22:10,1.2,49.21
16739,POS消费,地点680,开水,2014/12/08 08:29:08,0.01,49.2
16739,POS消费,地点256,食堂,2014/12/08 11:38:19,10.0,39.2
16739,卡充值,,,2014/12/08 16:06:24,300.0,339.2
16739,POS消费,地点256,食堂,2014/12/08 17:50:19,8.0,331.2
16739,POS消费,地点2026,淋浴,2014/12/08 20:45:25,0.9,330.3
16739,POS消费,地点1164,洗衣房,2014/12/08 20:56:12,3.6,326.7
16739,POS消费,地点238,食堂,2014/12/09 11:55:11,10.0,316.7
16739,POS消费,地点256,食堂,2014/12/09 18:02:10,8.0,308.7
16739,POS消费,地点280,食堂,2014/12/09 18:11:11,2.1,306.6
16739,POS消费,地点2026,淋浴,2014/12/09 21:18:59,0.7,305.9
16739,POS消费,地点256,食堂,2014/12/10 11:50:46,10.0,295.9
16739,POS消费,地点2026,淋浴,2014/12/10 20:53:27,0.9,295.0
16739,POS消费,地点1163,洗衣房,2014/12/10 21:03:52,3.6,291.4
16739,POS消费,地点256,食堂,2014/12/11 11:50:21,8.0,283.4
16739,POS消费,地点256,食堂,2014/12/11 17:16:59,10.0,273.4
16739,POS消费,地点2026,淋浴,2014/12/11 18:04:57,1.0,272.4
16739,POS消费,地点258,食堂,2014/12/12 11:50:09,3.2,259.2
16739,POS消费,地点256,食堂,2014/12/12 11:50:53,10.0,262.4
16739,POS消费,地点587,淋浴,2014/12/12 21:38:50,1.2,258.0
16739,POS消费,地点1166,洗衣房,2014/12/12 21:40:39,3.6,254.4
16739,POS消费,地点256,食堂,2014/12/13 11:29:00,10.0,244.4
16739,POS消费,地点1155,食堂,2014/12/13 15:30:55,8.7,235.7
16739,POS消费,地点587,淋浴,2014/12/13 17:44:43,1.7,234.0
16739,POS消费,地点1551,食堂,2014/12/14 11:07:31,0.6,225.4
16739,POS消费,地点281,超市,2014/12/14 11:14:59,8.0,226.0
16739,POS消费,地点1448,校车,2014/12/14 15:56:26,1.0,224.4
16739,POS消费,地点1448,校车,2014/12/14 17:01:50,1.0,223.4
16739,POS消费,地点2026,淋浴,2014/12/14 19:54:56,1.0,222.4
16739,POS消费,地点1164,洗衣房,2014/12/14 19:56:50,3.6,218.8
16739,POS消费,地点256,食堂,2014/12/15 11:07:30,10.0,208.8
16739,POS消费,地点530,开水,2014/12/15 16:13:01,0.01,208.79
16739,POS消费,地点256,食堂,2014/12/15 17:33:58,10.0,198.79
16739,POS消费,地点2026,淋浴,2014/12/15 18:07:31,1.2,197.59
16739,POS消费,地点830,开水,2014/12/16 10:17:00,0.01,197.58
16739,POS消费,地点256,食堂,2014/12/16 11:50:00,10.0,187.58
16739,POS消费,地点1155,食堂,2014/12/16 14:17:45,3.2,184.38
16739,POS消费,地点256,食堂,2014/12/16 17:06:12,10.0,174.38
16739,POS消费,地点1961,超市,2014/12/16 17:43:10,20.9,153.48
16739,POS消费,地点2026,淋浴,2014/12/16 19:48:13,1.4,152.08
16739,POS消费,地点1165,洗衣房,2014/12/16 20:04:22,3.6,148.48
16739,POS消费,地点256,食堂,2014/12/17 11:50:39,10.0,138.48
16739,POS消费,地点1996,校车,2014/12/17 18:19:28,1.0,137.48
16739,POS消费,地点2026,淋浴,2014/12/17 19:48:36,1.5,135.98
16739,POS消费,地点256,食堂,2014/12/18 11:02:46,10.0,125.98
16739,POS消费,地点258,食堂,2014/12/18 11:16:02,3.2,122.78
16739,POS消费,地点2026,淋浴,2014/12/18 17:34:23,1.3,121.48
16739,POS消费,地点1164,洗衣房,2014/12/18 17:36:26,3.6,117.88
16739,POS消费,地点238,食堂,2014/12/18 18:07:15,10.0,107.88
16739,POS消费,地点211,校车,2014/12/19 08:48:31,1.0,102.28
16739,POS消费,地点118,食堂,2014/12/19 08:57:15,4.6,103.28
16739,POS消费,地点256,食堂,2014/12/19 11:51:29,10.0,92.28
16739,POS消费,地点2026,淋浴,2014/12/19 18:45:36,1.4,90.88
16739,POS消费,地点106,开水,2014/12/19 22:32:44,0.01,90.87
16739,POS消费,地点217,食堂,2014/12/20 12:36:00,5.0,85.87
16739,POS消费,地点280,食堂,2014/12/20 12:40:57,3.0,82.87
16739,POS消费,地点106,开水,2014/12/20 18:34:12,0.01,82.86
16739,POS消费,地点2026,淋浴,2014/12/20 18:42:28,1.2,81.66
16739,POS消费,地点1166,洗衣房,2014/12/20 18:56:37,3.6,78.06
16739,POS消费,地点106,开水,2014/12/20 22:18:08,0.01,78.05
16739,POS消费,地点106,开水,2014/12/21 11:46:04,0.01,78.04
16739,POS消费,地点106,开水,2014/12/21 16:12:59,0.01,78.03
16739,POS消费,地点256,食堂,2014/12/21 17:20:50,8.0,65.03
16739,POS消费,地点258,食堂,2014/12/21 17:22:44,3.2,58.83
16739,POS消费,地点238,食堂,2014/12/21 17:29:25,5.0,73.03
16739,POS消费,地点280,食堂,2014/12/21 17:30:39,3.0,62.03
16739,POS消费,地点2026,淋浴,2014/12/21 18:48:46,0.9,57.93
16739,POS消费,地点256,食堂,2014/12/22 11:19:32,10.0,47.93
16739,POS消费,地点790,开水,2014/12/22 15:15:07,0.01,47.92
16739,POS消费,地点256,食堂,2014/12/22 17:10:27,10.0,37.92
16739,POS消费,地点2026,淋浴,2014/12/22 18:10:16,1.3,36.62
16739,POS消费,地点1164,洗衣房,2014/12/22 18:13:49,3.6,33.02
16739,POS消费,地点680,开水,2014/12/22 19:21:02,0.01,33.01
16739,POS消费,地点680,开水,2014/12/22 20:28:36,0.01,33.0
16739,POS消费,地点118,食堂,2014/12/23 10:08:13,3.2,29.8
16739,POS消费,地点256,食堂,2014/12/23 11:12:50,10.0,119.8
16739,卡充值,,,2014/12/23 11:18:22,100.0,129.8
16739,POS消费,地点256,食堂,2014/12/23 17:11:41,10.0,109.8
16739,POS消费,地点2026,淋浴,2014/12/23 19:13:33,1.0,108.8
16739,POS消费,地点1551,食堂,2014/12/24 11:43:35,0.6,100.2
16739,POS消费,地点281,超市,2014/12/24 11:52:08,8.0,100.8
16739,POS消费,地点675,开水,2014/12/24 15:50:09,0.01,100.19
16739,POS消费,地点256,食堂,2014/12/24 17:08:08,10.0,90.19
16739,POS消费,地点2026,淋浴,2014/12/24 17:48:12,1.3,88.89
16739,POS消费,地点1163,洗衣房,2014/12/24 18:02:15,3.6,85.29
16739,POS消费,地点256,食堂,2014/12/25 11:34:45,10.0,75.29
16739,POS消费,地点238,食堂,2014/12/25 11:44:03,5.0,70.29
16739,POS消费,地点258,食堂,2014/12/25 11:44:26,3.2,67.09
16739,POS消费,地点217,食堂,2014/12/25 18:45:13,10.0,57.09
16739,POS消费,地点256,食堂,2014/12/25 18:48:42,3.2,53.89
16739,POS消费,地点2026,淋浴,2014/12/25 21:51:30,1.1,52.79
16739,POS消费,地点256,食堂,2014/12/26 11:21:51,10.0,42.79
16739,POS消费,地点256,食堂,2014/12/26 17:06:17,10.0,32.79
16739,POS消费,地点21,开水,2014/12/26 17:26:27,14.8,17.99
16739,POS消费,地点21,开水,2014/12/26 17:26:39,10.07,7.92
16739,POS消费,地点2026,淋浴,2014/12/26 19:06:06,1.1,6.82
16739,POS消费,地点1163,洗衣房,2014/12/26 19:07:57,3.6,3.22
16739,POS消费,地点256,食堂,2014/12/27 11:27:56,10.0,293.22
16739,卡充值,,,2014/12/27 11:34:13,300.0,303.22
16739,POS消费,地点1155,食堂,2014/12/27 11:47:54,3.2,290.02
16739,POS消费,地点996,图书馆,2014/12/27 13:19:02,9.0,281.02
16739,POS消费,地点2026,淋浴,2014/12/27 18:42:23,1.3,279.72
16739,POS消费,地点1996,校车,2014/12/28 11:10:48,1.0,278.72
16739,POS消费,地点796,开水,2014/12/28 14:45:18,0.02,278.7
16739,POS消费,地点21,开水,2014/12/28 15:53:33,14.63,264.07
16739,POS消费,地点2026,淋浴,2014/12/28 18:53:02,1.4,262.67
16739,POS消费,地点1163,洗衣房,2014/12/28 18:55:59,3.6,259.07
16739,POS消费,地点256,食堂,2014/12/29 11:12:48,8.0,251.07
16739,POS消费,地点217,食堂,2014/12/29 11:18:01,7.0,244.07
16739,POS消费,地点1451,校车,2014/12/29 16:28:18,1.0,243.07
16739,POS消费,地点1472,校车,2014/12/29 17:37:51,1.0,242.07
16739,POS消费,地点2026,淋浴,2014/12/29 19:19:45,0.1,241.97
16739,POS消费,地点6,淋浴,2014/12/29 19:20:41,0.1,241.87
16739,POS消费,地点586,淋浴,2014/12/29 19:20:48,0.3,241.57
16739,POS消费,地点2026,淋浴,2014/12/29 19:38:08,1.5,240.07
16739,POS消费,地点106,开水,2014/12/29 22:09:26,0.01,240.06
16739,POS消费,地点256,食堂,2014/12/30 11:31:04,10.0,230.06
16739,POS消费,地点277,食堂,2014/12/30 11:40:52,3.03,227.03
16739,POS消费,地点2026,淋浴,2014/12/30 17:06:05,1.5,225.53
16739,POS消费,地点1165,洗衣房,2014/12/30 17:09:06,3.6,221.93
16739,POS消费,地点106,开水,2014/12/30 17:09:35,0.01,221.92
16739,POS消费,地点256,食堂,2014/12/30 17:41:53,10.0,211.92
16739,POS消费,地点195,超市,2014/12/30 18:58:51,39.9,172.02
16739,POS消费,地点238,食堂,2014/12/31 11:02:40,10.0,162.02
16739,POS消费,地点675,开水,2014/12/31 11:16:29,0.01,162.01
16739,POS消费,地点694,开水,2014/12/31 15:36:00,0.01,162.0
16739,POS消费,地点694,开水,2014/12/31 17:09:08,0.01,161.99
16739,POS消费,地点2026,淋浴,2014/12/31 19:27:45,1.2,160.79
16739,POS消费,地点106,开水,2015/01/01 11:57:28,0.01,160.78
16739,POS消费,地点2026,淋浴,2015/01/01 17:56:49,1.6,159.18
16739,POS消费,地点1166,洗衣房,2015/01/01 18:01:18,3.6,155.58
16739,POS消费,地点195,超市,2015/01/01 19:28:52,12.8,142.78
16739,POS消费,地点106,开水,2015/01/02 12:35:32,0.01,142.77
16739,POS消费,地点587,淋浴,2015/01/02 18:55:45,1.2,141.57
16739,POS消费,地点256,食堂,2015/01/03 11:13:05,8.0,133.57
16739,POS消费,地点238,食堂,2015/01/03 11:13:52,5.0,128.57
16739,POS消费,地点21,开水,2015/01/03 14:20:18,18.99,109.58
16739,POS消费,地点21,开水,2015/01/03 14:20:34,9.54,100.04
16739,POS消费,地点256,食堂,2015/01/03 17:21:08,10.0,90.04
16739,POS消费,地点587,淋浴,2015/01/03 18:52:29,1.7,88.34
16739,POS消费,地点1166,洗衣房,2015/01/03 18:52:59,3.6,84.74
16739,POS消费,地点106,开水,2015/01/03 21:10:47,0.01,84.73
16739,POS消费,地点256,食堂,2015/01/04 11:46:04,10.0,74.73
16739,卡充值,,,2015/01/04 16:26:16,100.0,174.73
16739,POS消费,地点256,食堂,2015/01/04 17:14:57,10.0,164.73
16739,POS消费,地点1036,食堂,2015/01/04 17:17:40,1.5,163.23
16739,POS消费,地点587,淋浴,2015/01/04 18:02:45,1.3,161.93
16739,POS消费,地点106,开水,2015/01/04 21:17:19,0.01,161.92
16739,POS消费,地点256,食堂,2015/01/05 11:18:44,10.0,151.92
16739,POS消费,地点280,食堂,2015/01/05 17:32:41,5.0,146.92
16739,POS消费,地点256,食堂,2015/01/05 17:33:40,3.0,143.92
16739,POS消费,地点587,淋浴,2015/01/05 18:58:57,1.5,142.42
16739,POS消费,地点1163,洗衣房,2015/01/05 19:17:19,3.6,138.82
16739,POS消费,地点21,开水,2015/01/06 08:11:20,3.1,135.72
16739,POS消费,地点238,食堂,2015/01/06 16:56:55,13.0,122.72
16739,POS消费,地点587,淋浴,2015/01/06 18:06:10,2.0,120.72
16739,POS消费,地点2026,淋浴,2015/01/07 21:49:19,1.3,119.42
16739,POS消费,地点1163,洗衣房,2015/01/07 21:52:10,3.6,115.82
16739,POS消费,地点587,淋浴,2015/01/08 21:27:14,1.6,114.22
16739,POS消费,地点587,淋浴,2015/01/09 22:35:30,1.0,113.22
16739,POS消费,地点1164,洗衣房,2015/01/09 23:35:18,3.6,109.62
16739,POS消费,地点1451,校车,2015/01/10 11:35:39,1.0,98.62
16739,POS消费,地点256,食堂,2015/01/10 11:35:57,10.0,99.62
16739,POS消费,地点1472,校车,2015/01/10 11:58:16,1.0,97.62
16739,POS消费,地点256,食堂,2015/01/10 17:34:58,10.0,87.62
16739,POS消费,地点258,食堂,2015/01/10 17:35:39,3.2,84.42
16739,POS消费,地点587,淋浴,2015/01/10 19:38:10,1.7,82.72
16739,POS消费,地点114,食堂,2015/01/11 12:13:41,8.0,74.72
16739,POS消费,地点1551,食堂,2015/01/11 12:16:06,0.6,74.12
16739,POS消费,地点996,图书馆,2015/01/11 13:54:11,3.9,70.22
16739,POS消费,地点106,开水,2015/01/11 16:45:52,0.01,70.21
16739,POS消费,地点587,淋浴,2015/01/11 20:13:01,2.3,67.91
16739,POS消费,地点1163,洗衣房,2015/01/11 20:38:06,3.6,64.31
16739,POS消费,地点238,食堂,2015/01/12 11:12:04,10.0,54.31
16739,POS消费,地点21,开水,2015/01/12 15:33:52,25.0,29.31
16739,POS消费,地点146,校车,2015/01/12 19:20:24,1.0,28.31
16739,POS消费,地点587,淋浴,2015/01/13 07:55:57,1.6,26.71
16739,POS消费,地点118,食堂,2015/01/13 08:53:19,5.5,21.21
16739,POS消费,地点211,校车,2015/02/28 18:47:39,1.0,20.21
16739,POS消费,地点2026,淋浴,2015/02/28 21:29:17,1.0,19.21
16739,卡充值,,,2015/03/01 11:13:28,300.0,319.21
16739,POS消费,地点256,食堂,2015/03/01 11:17:05,10.0,309.21
16739,POS消费,地点258,食堂,2015/03/01 11:17:27,3.2,306.01
16739,POS消费,地点1162,洗衣房,2015/03/01 12:15:27,3.6,302.41
16739,POS消费,地点1996,校车,2015/03/01 16:47:08,1.0,301.41
16739,POS消费,地点587,淋浴,2015/03/01 18:39:11,1.9,299.51
16739,POS消费,地点21,开水,2015/03/02 08:07:01,2.2,297.31
16739,POS消费,地点256,食堂,2015/03/02 12:09:48,10.0,287.31
16739,POS消费,地点21,开水,2015/03/02 20:16:44,30.0,257.31
16739,POS消费,地点21,开水,2015/03/02 20:16:48,16.0,241.31
16739,POS消费,地点21,开水,2015/03/02 20:17:20,30.0,211.31
16739,POS消费,地点21,开水,2015/03/02 20:17:44,46.8,164.51
16739,POS消费,地点587,淋浴,2015/03/02 21:07:18,2.3,162.21
16739,POS消费,地点1165,洗衣房,2015/03/02 21:34:38,3.6,158.61
16739,POS消费,地点256,食堂,2015/03/03 11:22:41,10.0,148.61
16739,POS消费,地点21,开水,2015/03/03 11:35:34,16.53,132.08
16739,POS消费,地点114,食堂,2015/03/03 17:22:03,8.0,124.08
16739,POS消费,地点1551,食堂,2015/03/03 17:23:18,0.6,123.48
16739,POS消费,地点2026,淋浴,2015/03/03 20:34:03,1.5,121.98
16739,POS消费,地点256,食堂,2015/03/04 12:07:24,12.6,109.38
16739,POS消费,地点256,食堂,2015/03/04 17:19:48,10.0,99.38
16739,POS消费,地点26,图书馆,2015/03/04 19:49:10,14.9,84.48
16739,POS消费,地点587,淋浴,2015/03/04 20:23:52,1.3,83.18
16739,POS消费,地点1163,洗衣房,2015/03/04 20:40:49,3.6,79.58
16739,POS消费,地点91,校车,2015/03/05 11:38:28,6.6,72.98
16739,POS消费,地点91,校车,2015/03/05 11:39:06,7.1,65.88
16739,POS消费,地点91,校车,2015/03/05 11:40:58,1.5,64.38
16739,POS消费,地点1155,食堂,2015/03/05 14:16:19,3.2,61.18
16739,卡充值,,,2015/03/05 16:19:05,300.0,361.18
16739,POS消费,地点587,淋浴,2015/03/05 19:36:01,1.5,359.68
16739,POS消费,地点256,食堂,2015/03/06 12:09:05,10.0,349.68
16739,POS消费,地点258,食堂,2015/03/06 17:42:47,3.2,346.48
16739,POS消费,地点256,食堂,2015/03/06 17:44:18,10.0,336.48
16739,POS消费,地点587,淋浴,2015/03/06 20:19:46,1.1,335.38
16739,POS消费,地点1164,洗衣房,2015/03/06 20:33:14,3.6,331.78
16739,POS消费,地点106,开水,2015/03/07 12:19:50,0.01,331.77
16739,POS消费,地点587,淋浴,2015/03/07 22:04:40,1.7,330.07
16739,POS消费,地点279,食堂,2015/03/08 11:29:53,5.6,321.97
16739,POS消费,地点257,食堂,2015/03/08 11:37:48,2.5,327.57
16739,POS消费,地点2031,食堂,2015/03/08 11:41:32,1.5,320.47
16739,POS消费,地点195,超市,2015/03/08 12:06:04,45.6,274.87
16739,POS消费,地点1996,校车,2015/03/08 16:51:03,1.0,273.87
16739,POS消费,地点222,校车,2015/03/08 17:29:37,1.0,272.87
16739,POS消费,地点2026,淋浴,2015/03/08 20:02:23,2.2,270.67
16739,POS消费,地点1163,洗衣房,2015/03/08 20:28:41,3.6,267.07
16739,POS消费,地点256,食堂,2015/03/09 12:06:27,10.0,257.07
16739,POS消费,地点2026,淋浴,2015/03/09 17:37:36,1.0,256.07
16739,POS消费,地点256,食堂,2015/03/10 11:13:49,10.0,246.07
16739,POS消费,地点21,开水,2015/03/10 11:29:09,18.85,227.22
16739,POS消费,地点256,食堂,2015/03/10 17:13:56,10.0,217.22
16739,POS消费,地点1163,洗衣房,2015/03/10 19:04:45,3.6,212.42
16739,POS消费,地点587,淋浴,2015/03/10 19:06:21,1.2,216.02
16739,POS消费,地点256,食堂,2015/03/11 12:02:14,10.0,202.42
16739,POS消费,地点1472,校车,2015/03/11 16:51:35,1.0,201.42
16739,POS消费,地点222,校车,2015/03/11 17:21:36,1.0,199.42
16739,POS消费,地点587,淋浴,2015/03/11 21:35:32,1.8,197.62
16739,POS消费,地点258,食堂,2015/03/12 11:18:20,3.5,194.12
16739,POS消费,地点256,食堂,2015/03/12 11:21:13,10.0,184.12
16739,POS消费,地点256,食堂,2015/03/12 17:38:21,10.0,169.32
16739,POS消费,地点1164,洗衣房,2015/03/12 19:42:56,3.6,179.32
16739,POS消费,地点587,淋浴,2015/03/12 19:42:56,1.2,182.92
16739,POS消费,地点1448,校车,2015/03/13 15:16:28,1.0,168.32
16739,POS消费,地点587,淋浴,2015/03/13 17:14:08,1.7,166.62
16739,POS消费,地点256,食堂,2015/03/13 17:48:47,10.0,156.62
16739,POS消费,地点247,食堂,2015/03/14 11:22:34,15.0,141.62
16739,POS消费,地点587,淋浴,2015/03/14 19:46:00,1.4,140.22
16739,POS消费,地点1164,洗衣房,2015/03/14 19:50:22,3.6,136.62
16739,POS消费,地点587,淋浴,2015/03/15 21:13:38,1.7,134.92
16739,POS消费,地点256,食堂,2015/03/16 12:03:59,10.0,124.92
16739,POS消费,地点256,食堂,2015/03/16 17:41:03,10.0,114.92
16739,POS消费,地点587,淋浴,2015/03/16 18:50:41,1.3,113.62
16739,POS消费,地点681,开水,2015/03/16 19:21:17,0.01,113.61
16739,POS消费,地点1166,洗衣房,2015/03/16 21:53:00,3.6,110.01
16739,POS消费,地点256,食堂,2015/03/17 11:34:27,10.0,100.01
16739,POS消费,地点258,食堂,2015/03/17 11:41:46,3.2,96.81
16739,POS消费,地点114,食堂,2015/03/17 17:29:21,8.0,88.81
16739,POS消费,地点1551,食堂,2015/03/17 17:31:36,0.6,88.21
16739,POS消费,地点587,淋浴,2015/03/17 22:05:28,1.7,86.51
16739,POS消费,地点256,食堂,2015/03/18 12:04:47,10.0,76.51
16739,POS消费,地点256,食堂,2015/03/18 17:20:20,10.0,66.51
16739,POS消费,地点1163,洗衣房,2015/03/18 22:34:07,3.6,61.31
16739,POS消费,地点1163,洗衣房,2015/03/18 22:34:14,-0.84,62.15
16739,POS消费,地点587,淋浴,2015/03/18 22:43:13,1.6,64.91
16739,POS消费,地点258,食堂,2015/03/19 11:47:51,3.2,58.95
16739,POS消费,地点256,食堂,2015/03/19 11:50:30,10.0,48.95
16739,POS消费,地点256,食堂,2015/03/19 11:50:42,10.2,38.75
16739,卡充值,,,2015/03/19 16:30:50,300.0,338.75
16739,POS消费,地点195,超市,2015/03/19 16:57:41,47.0,291.75
16739,POS消费,地点587,淋浴,2015/03/19 21:43:53,1.5,290.25
16739,POS消费,地点256,食堂,2015/03/20 12:08:28,10.0,280.25
16739,POS消费,地点106,开水,2015/03/20 19:31:17,0.01,280.24
16739,POS消费,地点587,淋浴,2015/03/20 22:19:03,1.6,278.64
16739,POS消费,地点1166,洗衣房,2015/03/20 22:19:39,3.6,275.04
16739,POS消费,地点238,食堂,2015/03/21 12:10:26,5.0,270.04
16739,POS消费,地点256,食堂,2015/03/21 12:10:46,5.0,265.04
16739,POS消费,地点587,淋浴,2015/03/21 21:13:55,1.5,263.54
16739,POS消费,地点245,食堂,2015/03/22 11:42:55,1.5,252.14
16739,POS消费,地点1368,食堂,2015/03/22 11:50:50,6.3,253.64
16739,POS消费,地点167,食堂,2015/03/22 11:51:13,3.6,259.94
16739,POS消费,地点587,淋浴,2015/03/22 21:20:31,1.4,250.74
16739,POS消费,地点1164,洗衣房,2015/03/22 21:21:46,3.6,247.14
16739,POS消费,地点1164,洗衣房,2015/03/22 22:13:05,-0.54,247.68
16739,POS消费,地点247,食堂,2015/03/23 12:02:27,15.0,232.68
16739,POS消费,地点587,淋浴,2015/03/23 17:38:34,1.3,231.38
16739,POS消费,地点12,文印中心,2015/03/23 18:11:21,12.0,219.38
16739,POS消费,地点256,食堂,2015/03/23 18:13:54,10.0,209.38
16739,POS消费,地点258,食堂,2015/03/23 18:22:50,3.5,205.88
16739,POS消费,地点677,开水,2015/03/23 18:29:39,0.01,205.87
16739,POS消费,地点1165,洗衣房,2015/03/23 21:36:13,3.6,202.27
16739,POS消费,地点114,食堂,2015/03/24 18:01:01,8.0,194.27
16739,POS消费,地点1551,食堂,2015/03/24 18:02:15,0.6,193.67
16739,POS消费,地点587,淋浴,2015/03/24 21:58:35,1.2,192.47
16739,POS消费,地点1164,洗衣房,2015/03/24 21:59:17,3.6,188.87
16739,POS消费,地点1164,洗衣房,2015/03/24 22:48:10,-0.66,189.53
16739,POS消费,地点256,食堂,2015/03/25 12:07:00,10.0,179.53
16739,POS消费,地点106,开水,2015/03/25 21:22:58,0.01,179.52
16739,POS消费,地点586,淋浴,2015/03/25 22:13:46,1.1,178.42
16739,POS消费,地点258,食堂,2015/03/26 11:46:47,3.2,175.22
16739,POS消费,地点256,食堂,2015/03/26 11:49:04,10.0,165.22
16739,POS消费,地点256,食堂,2015/03/26 17:14:45,10.0,155.22
16739,POS消费,地点587,淋浴,2015/03/26 17:50:51,1.1,154.12
16739,POS消费,地点1165,洗衣房,2015/03/26 18:03:15,3.6,150.52
16739,POS消费,地点21,开水,2015/03/27 08:35:18,5.53,144.99
16739,POS消费,地点26,图书馆,2015/03/27 16:43:16,16.8,128.19
16739,POS消费,地点192,超市,2015/03/27 16:46:41,8.9,119.29
16739,POS消费,地点587,淋浴,2015/03/27 17:10:09,1.1,118.19
16739,POS消费,地点106,开水,2015/03/27 20:24:57,0.01,118.18
16739,POS消费,地点106,开水,2015/03/27 22:35:08,0.01,118.17
16739,卡充值,,,2015/03/28 11:30:06,300.0,418.17
16739,POS消费,地点114,食堂,2015/03/28 11:33:17,10.0,408.17
16739,POS消费,地点258,食堂,2015/03/28 11:35:58,4.2,403.37
16739,POS消费,地点217,食堂,2015/03/28 11:36:17,0.6,407.57
16739,POS消费,地点304,超市,2015/03/28 11:53:38,30.0,373.37
16739,POS消费,地点304,超市,2015/03/28 11:53:43,30.0,343.37
16739,POS消费,地点304,超市,2015/03/28 11:54:29,28.7,314.67
16739,POS消费,地点106,开水,2015/03/28 18:29:53,0.01,314.66
16739,POS消费,地点596,淋浴,2015/03/28 21:40:50,1.2,313.46
16739,POS消费,地点1165,洗衣房,2015/03/28 21:54:41,3.6,309.86
16739,POS消费,地点1165,洗衣房,2015/03/28 22:45:36,-0.54,310.4
16739,POS消费,地点114,食堂,2015/03/29 11:33:28,8.0,302.4
16739,POS消费,地点238,食堂,2015/03/29 11:35:45,0.6,301.8
16739,POS消费,地点256,食堂,2015/03/29 17:59:56,10.0,291.8
16739,POS消费,地点258,食堂,2015/03/29 18:00:24,3.2,288.6
16739,,,,2015/03/29 20:53:28,20.0,268.6
16739,POS消费,地点587,淋浴,2015/03/29 21:15:55,1.1,267.5
16739,POS消费,地点256,食堂,2015/03/30 12:03:32,10.0,257.5
16739,POS消费,地点587,淋浴,2015/03/30 21:03:23,1.0,256.5
16739,POS消费,地点1164,洗衣房,2015/03/30 21:15:21,3.6,252.9
16739,POS消费,地点1623,图书馆,2015/03/31 10:08:45,23.36,229.54
16739,POS消费,地点256,食堂,2015/03/31 11:29:07,10.0,219.54
16739,POS消费,地点256,食堂,2015/03/31 17:17:07,10.0,209.54
16739,POS消费,地点596,淋浴,2015/03/31 21:29:00,1.1,208.44
16739,POS消费,地点106,开水,2015/03/31 21:47:58,0.01,208.43
16739,POS消费,地点256,食堂,2015/04/01 12:07:09,10.0,198.43
16739,POS消费,地点118,食堂,2015/04/01 14:21:01,4.4,194.03
16739,POS消费,地点256,食堂,2015/04/01 17:15:55,8.0,186.03
16739,POS消费,地点587,淋浴,2015/04/01 20:35:00,1.2,184.83
16739,POS消费,地点1165,洗衣房,2015/04/01 20:35:01,3.6,181.23
16739,POS消费,地点106,开水,2015/04/01 21:10:27,0.01,181.22
16739,POS消费,地点258,食堂,2015/04/02 10:59:07,3.2,178.02
16739,POS消费,地点238,食堂,2015/04/02 11:01:25,8.0,170.02
16739,POS消费,地点256,食堂,2015/04/02 17:01:55,8.0,162.02
16739,POS消费,地点587,淋浴,2015/04/02 18:31:59,0.8,161.22
16739,POS消费,地点304,超市,2015/04/02 22:02:00,11.9,149.32
16739,POS消费,地点256,食堂,2015/04/03 12:07:06,10.0,139.32
16739,POS消费,地点258,食堂,2015/04/03 12:07:51,3.2,136.12
16739,卡充值,,,2015/04/03 17:53:36,300.0,436.12
16739,POS消费,地点256,食堂,2015/04/03 17:57:07,8.0,428.12
16739,POS消费,地点596,淋浴,2015/04/03 20:27:19,1.2,426.92
16739,POS消费,地点1163,洗衣房,2015/04/03 20:46:45,3.6,423.32
16739,POS消费,地点587,淋浴,2015/04/04 21:16:22,1.3,422.02
16739,POS消费,地点587,淋浴,2015/04/05 19:46:47,1.4,420.62
16739,POS消费,地点1163,洗衣房,2015/04/05 20:03:51,3.6,417.02
16739,POS消费,地点106,开水,2015/04/05 21:36:55,0.01,417.01
16739,POS消费,地点256,食堂,2015/04/06 12:09:17,10.0,407.01
16739,POS消费,地点258,食堂,2015/04/06 12:14:47,3.2,403.81
16739,POS消费,地点587,淋浴,2015/04/06 21:01:51,1.4,402.41
16739,POS消费,地点114,食堂,2015/04/07 11:48:39,8.0,394.41
16739,POS消费,地点1551,食堂,2015/04/07 11:49:54,0.6,393.81
16739,POS消费,地点587,淋浴,2015/04/07 16:59:37,1.5,392.31
16739,POS消费,地点256,食堂,2015/04/07 17:34:07,10.0,382.31
16739,POS消费,地点587,淋浴,2015/04/07 19:04:48,1.7,380.61
16739,POS消费,地点1164,洗衣房,2015/04/07 19:05:20,3.6,377.01
16739,POS消费,地点106,开水,2015/04/07 20:11:08,0.01,377.0
16739,POS消费,地点256,食堂,2015/04/08 12:08:36,10.0,367.0
16739,POS消费,地点587,淋浴,2015/04/08 15:51:45,1.5,365.5
16739,POS消费,地点118,食堂,2015/04/08 16:16:57,2.9,362.6
16739,POS消费,地点21,开水,2015/04/08 17:46:46,1.5,359.1
16739,POS消费,地点91,校车,2015/04/08 17:48:17,2.0,360.6
16739,POS消费,地点1551,食堂,2015/04/09 11:40:28,0.6,348.5
16739,POS消费,地点114,食堂,2015/04/09 11:40:48,10.0,349.1
16739,POS消费,地点1961,超市,2015/04/09 16:42:46,38.4,310.1
16739,POS消费,地点21,开水,2015/04/09 16:54:11,2.0,308.1
16739,POS消费,地点91,校车,2015/04/09 16:54:24,5.4,302.7
16739,POS消费,地点587,淋浴,2015/04/09 19:09:44,1.7,301.0
16739,POS消费,地点1164,洗衣房,2015/04/09 19:10:21,3.6,297.4
16739,POS消费,地点112,开水,2015/04/09 22:13:48,0.02,297.38
16739,POS消费,地点256,食堂,2015/04/10 11:37:23,10.0,287.38
16739,POS消费,地点587,淋浴,2015/04/10 15:41:29,1.5,285.88
16739,POS消费,地点238,食堂,2015/04/10 17:03:13,8.0,277.88
16739,POS消费,地点256,食堂,2015/04/10 17:03:44,3.5,274.38
16739,POS消费,地点106,开水,2015/04/11 13:13:52,0.01,274.37
16739,POS消费,地点587,淋浴,2015/04/11 19:54:40,2.2,272.17
16739,POS消费,地点1163,洗衣房,2015/04/11 19:55:53,3.6,268.57
16739,POS消费,地点114,食堂,2015/04/12 12:25:19,8.0,260.57
16739,POS消费,地点1551,食堂,2015/04/12 12:26:17,0.6,259.97
16739,POS消费,地点587,淋浴,2015/04/12 19:37:06,1.8,258.17
16739,POS消费,地点256,食堂,2015/04/13 12:06:27,8.0,250.17
16739,POS消费,地点1165,洗衣房,2015/04/13 17:38:58,3.6,245.57
16739,POS消费,地点587,淋浴,2015/04/13 17:41:21,1.0,249.17
16739,POS消费,地点114,食堂,2015/04/13 17:56:24,8.0,237.57
16739,POS消费,地点1551,食堂,2015/04/13 17:58:13,0.6,236.97
16739,POS消费,地点304,超市,2015/04/13 21:13:51,16.5,220.47
16739,POS消费,地点114,食堂,2015/04/14 11:35:41,8.0,212.47
16739,POS消费,地点1551,食堂,2015/04/14 11:36:19,1.2,211.27
16739,POS消费,地点21,开水,2015/04/14 17:05:40,18.28,192.99
16739,POS消费,地点21,开水,2015/04/14 17:05:46,3.0,189.99
16739,POS消费,地点596,淋浴,2015/04/14 19:52:58,1.5,188.49
16739,POS消费,地点256,食堂,2015/04/15 12:06:48,10.0,178.49
16739,POS消费,地点587,淋浴,2015/04/15 21:03:06,1.7,176.79
16739,POS消费,地点1163,洗衣房,2015/04/15 21:03:35,3.6,173.19
16739,POS消费,地点1163,洗衣房,2015/04/15 21:49:02,-0.84,174.03
16739,POS消费,地点256,食堂,2015/04/16 11:05:54,10.0,164.03
16739,POS消费,地点219,超市,2015/04/16 16:54:41,3.5,160.53
16739,POS消费,地点219,超市,2015/04/16 16:54:44,1.0,159.53
16739,POS消费,地点587,淋浴,2015/04/16 17:15:20,1.2,158.33
16739,POS消费,地点21,开水,2015/04/17 07:34:46,1.5,156.83
16739,POS消费,地点256,食堂,2015/04/17 12:05:01,8.0,148.83
16739,POS消费,地点1551,食堂,2015/04/17 17:24:37,0.6,138.23
16739,POS消费,地点114,食堂,2015/04/17 17:25:07,10.0,138.83
16739,POS消费,地点596,淋浴,2015/04/17 21:27:54,1.4,136.83
16739,POS消费,地点112,开水,2015/04/18 00:05:19,0.01,136.82
16739,POS消费,地点1387,校车,2015/04/18 09:11:20,2.0,134.82
16739,POS消费,地点146,校车,2015/04/18 11:13:08,1.0,133.82
16739,POS消费,地点1551,食堂,2015/04/18 11:39:59,0.6,123.22
16739,POS消费,地点114,食堂,2015/04/18 11:40:31,10.0,123.82
16739,POS消费,地点587,淋浴,2015/04/18 19:52:06,1.5,121.72
16739,POS消费,地点256,食堂,2015/04/19 11:46:46,10.0,111.72
16739,POS消费,地点304,超市,2015/04/19 13:11:53,14.0,97.72
16739,POS消费,地点219,超市,2015/04/19 13:37:10,3.5,94.22
16739,POS消费,地点587,淋浴,2015/04/19 18:55:58,1.5,92.72
16739,POS消费,地点222,校车,2015/04/19 19:13:06,1.0,91.72
16739,POS消费,地点256,食堂,2015/04/20 12:08:04,10.0,81.72
16739,POS消费,地点596,淋浴,2015/04/20 18:12:34,1.6,80.12
16739,POS消费,地点1163,洗衣房,2015/04/20 18:31:04,3.6,76.52
16739,POS消费,地点118,食堂,2015/04/20 19:22:59,2.9,73.62
16739,POS消费,地点106,开水,2015/04/20 21:15:50,0.01,73.61
16739,卡充值,,,2015/04/21 17:16:25,300.0,373.61
16739,POS消费,地点21,开水,2015/04/21 17:18:12,3.5,370.11
16739,POS消费,地点596,淋浴,2015/04/21 20:36:44,2.2,367.91
16739,POS消费,地点1551,食堂,2015/04/22 11:47:52,0.6,357.31
16739,POS消费,地点114,食堂,2015/04/22 11:47:56,10.0,357.91
16739,POS消费,地点1551,食堂,2015/04/22 11:47:58,0.6,356.71
16739,POS消费,地点1551,食堂,2015/04/22 17:18:08,0.6,346.11
16739,POS消费,地点114,食堂,2015/04/22 17:18:52,10.0,346.71
16739,POS消费,地点587,淋浴,2015/04/22 18:09:12,1.4,344.71
16739,POS消费,地点1448,校车,2015/04/22 18:21:47,1.0,340.11
16739,POS消费,地点1163,洗衣房,2015/04/22 18:27:24,3.6,341.11
16739,POS消费,地点1996,校车,2015/04/22 20:26:01,1.0,339.11
16739,POS消费,地点258,食堂,2015/04/23 11:43:25,3.2,335.91
16739,POS消费,地点256,食堂,2015/04/23 11:46:05,10.0,325.91
16739,POS消费,地点587,淋浴,2015/04/23 17:10:10,1.4,324.51
16739,POS消费,地点1551,食堂,2015/04/23 17:40:53,0.6,313.91
16739,POS消费,地点114,食堂,2015/04/23 17:41:12,10.0,314.51
16739,POS消费,地点1551,食堂,2015/04/24 11:49:38,1.2,304.71
16739,POS消费,地点114,食堂,2015/04/24 11:50:07,8.0,305.91
16739,POS消费,地点1405,校车,2015/04/24 14:38:52,2.0,302.71
16739,POS消费,地点1451,校车,2015/04/24 19:26:22,1.0,301.71
16739,POS消费,地点587,淋浴,2015/04/24 21:35:18,1.4,300.31
16739,POS消费,地点1166,洗衣房,2015/04/24 21:53:20,3.6,296.71
16739,POS消费,地点1166,洗衣房,2015/04/24 22:51:49,-0.06,296.77
16739,POS消费,地点587,淋浴,2015/04/25 20:32:08,2.1,294.67
16739,POS消费,地点1551,食堂,2015/04/26 11:38:37,0.6,284.07
16739,POS消费,地点114,食堂,2015/04/26 11:39:06,10.0,284.67
16739,POS消费,地点1551,食堂,2015/04/26 17:58:30,0.6,273.47
16739,POS消费,地点114,食堂,2015/04/26 17:59:07,10.0,274.07
16739,POS消费,地点258,食堂,2015/04/26 17:59:57,3.2,270.27
16739,POS消费,地点304,超市,2015/04/26 18:15:19,20.2,250.07
16739,POS消费,地点596,淋浴,2015/04/26 19:55:40,1.5,248.57
16739,POS消费,地点1551,食堂,2015/04/27 12:06:29,0.6,237.97
16739,POS消费,地点114,食堂,2015/04/27 12:06:38,10.0,238.57
16739,POS消费,地点21,开水,2015/04/27 15:38:52,3.85,234.12
16739,POS消费,地点587,淋浴,2015/04/27 17:51:45,1.4,232.72
16739,POS消费,地点1551,食堂,2015/04/28 11:40:03,0.6,222.12
16739,POS消费,地点114,食堂,2015/04/28 11:40:43,10.0,222.72
16739,POS消费,地点1571,文印中心,2015/04/28 16:32:12,0.75,221.37
16739,POS消费,地点256,食堂,2015/04/28 17:46:42,10.0,211.37
16739,POS消费,地点258,食堂,2015/04/28 17:55:14,3.2,208.17
16739,POS消费,地点587,淋浴,2015/04/28 20:13:26,1.5,206.67
16739,POS消费,地点21,开水,2015/04/28 21:24:33,22.14,184.53
16739,POS消费,地点91,校车,2015/04/29 07:22:37,2.6,181.93
16739,POS消费,地点114,食堂,2015/04/29 12:06:21,5.0,176.93
16739,POS消费,地点256,食堂,2015/04/29 12:09:00,8.0,168.93
16739,POS消费,地点118,食堂,2015/04/29 17:18:55,2.5,166.43
16739,POS消费,地点91,校车,2015/04/29 17:22:30,6.1,160.33
16739,POS消费,地点91,校车,2015/04/29 17:22:36,0.5,159.83
16739,POS消费,地点586,淋浴,2015/04/29 22:06:57,1.2,158.63
16739,POS消费,地点219,超市,2015/04/30 11:14:39,3.5,155.13
16739,POS消费,地点256,食堂,2015/04/30 11:27:03,8.0,147.13
16739,POS消费,地点114,食堂,2015/04/30 11:27:54,5.0,142.13
16739,POS消费,地点21,开水,2015/04/30 16:21:20,1.8,140.33
16739,POS消费,地点238,食堂,2015/04/30 17:23:08,8.0,132.33
16739,POS消费,地点238,食堂,2015/04/30 17:23:36,2.0,130.33
16739,POS消费,地点587,淋浴,2015/04/30 18:11:51,1.4,128.93
16739,POS消费,地点256,食堂,2015/05/01 11:39:48,10.0,118.93
16739,POS消费,地点587,淋浴,2015/05/01 18:27:07,1.8,117.13
16739,POS消费,地点1448,校车,2015/05/01 19:30:29,1.0,116.13
16739,POS消费,地点816,校车,2015/05/01 20:32:52,1.0,115.13
16739,POS消费,地点21,开水,2015/05/02 12:05:03,3.5,111.63
16739,POS消费,地点256,食堂,2015/05/02 12:11:30,10.0,101.63
16739,POS消费,地点587,淋浴,2015/05/02 18:22:43,1.7,99.93
16739,POS消费,地点258,食堂,2015/05/03 11:31:40,3.2,86.73
16739,POS消费,地点256,食堂,2015/05/03 11:32:02,10.0,89.93
16739,POS消费,地点587,淋浴,2015/05/03 17:14:59,1.6,85.13
16739,POS消费,地点114,食堂,2015/05/04 12:08:34,8.0,77.13
16739,POS消费,地点217,食堂,2015/05/04 12:15:28,0.8,76.33
16739,POS消费,地点587,淋浴,2015/05/04 17:33:23,1.0,75.33
16739,POS消费,地点114,食堂,2015/05/04 18:04:21,8.0,67.33
16739,POS消费,地点1551,食堂,2015/05/04 18:05:33,0.6,66.73
16739,POS消费,地点21,开水,2015/05/04 18:21:13,8.51,58.22
16739,POS消费,地点106,开水,2015/05/04 22:00:00,0.01,58.21
16739,POS消费,地点248,超市,2015/05/05 07:22:14,7.0,51.21
16739,POS消费,地点248,超市,2015/05/05 07:22:18,0.7,57.51
16739,POS消费,地点1551,食堂,2015/05/05 11:34:11,0.6,46.91
16739,POS消费,地点114,食堂,2015/05/05 11:34:56,10.0,47.51
16739,POS消费,地点258,食堂,2015/05/05 18:15:32,3.2,43.71
16739,POS消费,地点238,食堂,2015/05/05 18:19:10,5.0,38.71
16739,POS消费,地点587,淋浴,2015/05/05 19:26:10,1.7,37.01
16739,POS消费,地点232,食堂,2015/05/06 07:25:33,0.7,36.31
16739,POS消费,地点256,食堂,2015/05/06 12:07:42,10.0,26.31
16739,POS消费,地点596,淋浴,2015/05/06 23:06:30,1.6,24.71
16739,卡充值,,,2015/05/07 11:09:33,300.0,324.71
16739,POS消费,地点258,食堂,2015/05/07 11:11:05,3.2,321.51
16739,POS消费,地点256,食堂,2015/05/07 11:13:28,10.0,311.51
16739,POS消费,地点1571,文印中心,2015/05/07 16:13:57,2.7,308.81
16739,POS消费,地点587,淋浴,2015/05/07 17:28:36,1.2,307.61
16739,POS消费,地点1551,食堂,2015/05/07 18:00:08,0.6,297.01
16739,POS消费,地点114,食堂,2015/05/07 18:00:27,10.0,297.61
16739,POS消费,地点304,超市,2015/05/07 19:35:12,8.4,288.61
16739,POS消费,地点587,淋浴,2015/05/08 11:04:20,0.2,288.41
16739,POS消费,地点587,淋浴,2015/05/08 11:19:37,0.8,287.61
16739,POS消费,地点256,食堂,2015/05/08 11:53:10,10.0,277.61
16739,POS消费,地点220,校车,2015/05/08 16:08:54,4.0,273.61
16739,POS消费,地点220,校车,2015/05/08 16:09:15,4.0,269.61
16739,POS消费,地点587,淋浴,2015/05/08 22:03:20,1.9,267.71
16739,POS消费,地点247,食堂,2015/05/09 11:52:45,15.0,252.71
16739,POS消费,地点1961,超市,2015/05/09 21:02:55,5.8,246.91
16739,POS消费,地点587,淋浴,2015/05/09 21:48:51,1.1,245.81
16739,POS消费,地点106,开水,2015/05/09 22:04:14,0.01,245.8
16739,POS消费,地点258,食堂,2015/05/10 11:32:10,3.2,232.6
16739,POS消费,地点256,食堂,2015/05/10 11:32:45,10.0,235.8
16739,POS消费,地点256,食堂,2015/05/10 17:23:15,10.0,222.6
16739,POS消费,地点587,淋浴,2015/05/10 18:45:36,1.3,221.3
16739,POS消费,地点91,校车,2015/05/11 08:12:51,2.3,219.0
16739,POS消费,地点256,食堂,2015/05/11 11:17:55,10.0,209.0
16739,POS消费,地点21,开水,2015/05/11 13:13:29,2.09,206.91
16739,POS消费,地点118,食堂,2015/05/11 14:19:33,2.9,204.01
16739,POS消费,地点1571,文印中心,2015/05/11 16:13:22,3.6,200.41
16739,POS消费,地点587,淋浴,2015/05/11 17:19:24,1.2,199.21
16739,POS消费,地点1164,洗衣房,2015/05/11 17:37:03,3.6,195.61
16739,POS消费,地点1164,洗衣房,2015/05/11 18:25:00,-0.66,196.27
16739,POS消费,地点1551,食堂,2015/05/12 11:17:42,5.6,190.67
16739,POS消费,地点21,开水,2015/05/12 13:00:21,12.65,178.02
16739,POS消费,地点21,开水,2015/05/12 13:00:37,3.0,175.02
16739,POS消费,地点587,淋浴,2015/05/12 17:26:28,1.0,174.02
16739,POS消费,地点256,食堂,2015/05/12 17:58:44,10.0,164.02
16739,POS消费,地点996,图书馆,2015/05/12 20:15:06,3.4,160.62
16739,POS消费,地点212,图书馆,2015/05/12 21:23:46,0.5,160.12
16739,POS消费,地点21,开水,2015/05/13 07:56:48,2.2,157.92
16739,POS消费,地点21,开水,2015/05/13 07:56:52,1.4,156.52
16739,POS消费,地点256,食堂,2015/05/13 12:07:29,8.0,148.52
16739,POS消费,地点118,食堂,2015/05/13 14:22:20,2.9,145.62
16739,POS消费,地点256,食堂,2015/05/13 17:22:28,10.0,135.62
16739,POS消费,地点596,淋浴,2015/05/13 17:43:04,1.2,134.42
16739,POS消费,地点1961,超市,2015/05/13 19:26:49,22.9,111.52
16739,POS消费,地点21,开水,2015/05/14 10:15:01,2.0,109.52
16739,POS消费,地点258,食堂,2015/05/14 11:37:06,3.2,106.32
16739,POS消费,地点256,食堂,2015/05/14 11:40:28,10.0,96.32
16739,POS消费,地点839,食堂,2015/05/14 17:23:10,5.35,84.97
16739,POS消费,地点245,食堂,2015/05/14 17:29:41,1.5,83.47
16739,POS消费,地点2273,食堂,2015/05/14 18:48:26,6.0,90.32
16739,POS消费,地点587,淋浴,2015/05/14 21:37:17,1.3,82.17
16739,POS消费,地点247,食堂,2015/05/15 12:04:58,10.0,72.17
16739,POS消费,地点1551,食堂,2015/05/15 12:06:25,0.6,61.57
16739,POS消费,地点114,食堂,2015/05/15 12:07:16,10.0,62.17
16739,POS消费,地点1155,食堂,2015/05/15 14:59:07,1.5,60.07
16739,POS消费,地点839,食堂,2015/05/15 17:16:54,5.1,54.97
16739,POS消费,地点841,食堂,2015/05/15 17:42:46,2.9,50.57
16739,POS消费,地点2031,食堂,2015/05/15 17:48:06,1.5,53.47
16739,POS消费,地点587,淋浴,2015/05/15 21:41:28,1.1,49.47
16739,POS消费,地点1163,洗衣房,2015/05/15 21:57:59,3.6,45.87
16739,POS消费,地点1163,洗衣房,2015/05/15 22:51:00,-0.42,46.29
16739,POS消费,地点106,开水,2015/05/16 20:48:00,0.01,46.28
16739,POS消费,地点587,淋浴,2015/05/16 21:51:26,1.1,45.18
16739,POS消费,地点839,食堂,2015/05/17 17:00:49,4.1,341.08
16739,POS消费,地点268,食堂,2015/05/17 17:04:17,4.0,337.08
16739,卡充值,,,2015/05/17 17:13:18,300.0,345.18
16739,POS消费,地点841,食堂,2015/05/17 17:29:48,2.9,334.18
16739,POS消费,地点587,淋浴,2015/05/17 19:57:42,1.8,332.38
16739,POS消费,地点1163,洗衣房,2015/05/17 20:21:13,3.6,328.78
16739,POS消费,地点839,食堂,2015/05/18 11:08:57,5.1,323.68
16739,POS消费,地点245,食堂,2015/05/18 11:15:30,1.5,322.18
16739,POS消费,地点2043,食堂,2015/05/18 12:30:05,1.5,320.68
16739,POS消费,地点1571,文印中心,2015/05/18 15:51:18,1.95,318.73
16739,POS消费,地点839,食堂,2015/05/18 17:03:44,4.85,313.88
16739,POS消费,地点245,食堂,2015/05/18 17:10:19,1.5,312.38
16739,POS消费,地点587,淋浴,2015/05/18 18:17:59,1.1,311.28
16739,POS消费,地点1551,食堂,2015/05/19 11:24:14,0.6,300.68
16739,POS消费,地点1551,食堂,2015/05/19 11:24:18,0.6,300.08
16739,POS消费,地点114,食堂,2015/05/19 11:25:03,10.0,301.28
16739,POS消费,地点256,食堂,2015/05/19 17:34:54,8.0,292.08
16739,POS消费,地点587,淋浴,2015/05/19 20:30:01,1.5,290.58
16739,POS消费,地点1551,食堂,2015/05/20 12:05:48,0.6,279.98
16739,POS消费,地点114,食堂,2015/05/20 12:06:20,10.0,280.58
16739,POS消费,地点256,食堂,2015/05/20 17:40:11,10.0,269.98
16739,POS消费,地点21,开水,2015/05/20 17:51:03,10.74,259.24
16739,POS消费,地点21,开水,2015/05/20 17:51:14,2.26,256.98
16739,POS消费,地点587,淋浴,2015/05/20 22:08:52,1.3,254.68
16739,POS消费,地点258,食堂,2015/05/21 11:00:10,3.2,251.48
16739,POS消费,地点1551,食堂,2015/05/21 11:02:09,10.6,240.88
16739,POS消费,地点256,食堂,2015/05/21 17:32:05,10.0,230.88
16739,POS消费,地点587,淋浴,2015/05/21 20:58:29,1.1,229.78
16739,POS消费,地点106,开水,2015/05/21 21:35:29,0.01,209.77
16739,,,,2015/05/21 22:07:20,20.0,209.78
16739,POS消费,地点91,校车,2015/05/22 11:30:54,3.5,206.27
16739,POS消费,地点238,食堂,2015/05/22 18:10:53,10.0,195.27
16739,POS消费,地点587,淋浴,2015/05/22 18:26:55,1.2,194.07
16739,POS消费,地点1551,食堂,2015/05/23 11:56:23,0.6,183.47
16739,POS消费,地点114,食堂,2015/05/23 11:57:12,10.0,184.07
16739,POS消费,地点217,食堂,2015/05/23 12:14:02,7.5,175.97
16739,POS消费,地点106,开水,2015/05/23 14:17:39,0.01,175.96
16739,POS消费,地点2026,淋浴,2015/05/23 21:41:01,1.2,174.76
16739,POS消费,地点106,开水,2015/05/23 21:46:59,0.01,174.75
16739,POS消费,地点12,文印中心,2015/05/24 11:59:18,12.0,162.75
16739,POS消费,地点106,开水,2015/05/24 16:46:00,0.01,162.74
16739,POS消费,地点587,淋浴,2015/05/24 20:02:39,1.2,161.54
16739,POS消费,地点106,开水,2015/05/24 20:23:07,0.01,161.53
16739,POS消费,地点247,食堂,2015/05/25 12:04:24,15.0,146.53
16739,POS消费,地点106,开水,2015/05/25 12:29:17,0.01,146.52
16739,POS消费,地点256,食堂,2015/05/25 17:23:29,8.0,138.52
16739,POS消费,地点587,淋浴,2015/05/25 17:53:46,1.2,137.32
16739,POS消费,地点114,食堂,2015/05/26 11:30:48,10.0,127.32
16739,POS消费,地点839,食堂,2015/05/26 17:18:35,5.1,122.22
16739,POS消费,地点245,食堂,2015/05/26 17:25:31,1.5,120.72
16739,POS消费,地点841,食堂,2015/05/26 17:34:14,2.9,117.82
16739,POS消费,地点587,淋浴,2015/05/26 20:04:29,1.2,116.62
16739,POS消费,地点106,开水,2015/05/26 22:54:47,0.01,116.61
16739,POS消费,地点280,食堂,2015/05/27 12:07:34,3.6,105.01
16739,POS消费,地点256,食堂,2015/05/27 12:07:57,8.0,108.61
16739,POS消费,地点587,淋浴,2015/05/27 21:07:56,2.0,103.01
16739,POS消费,地点238,食堂,2015/05/28 11:36:47,10.0,93.01
16739,POS消费,地点238,食堂,2015/05/28 17:49:08,7.0,85.11
16739,POS消费,地点588,淋浴,2015/05/28 23:11:52,0.9,92.11
16739,POS消费,地点256,食堂,2015/05/29 12:08:15,10.0,75.11
16739,POS消费,地点106,开水,2015/05/29 12:23:06,0.01,75.1
16739,POS消费,地点106,开水,2015/05/29 19:07:03,0.01,75.09
16739,POS消费,地点587,淋浴,2015/05/29 20:53:44,1.1,73.99
16739,POS消费,地点1447,校车,2015/05/30 09:49:01,1.0,72.99
16739,POS消费,地点587,淋浴,2015/05/30 22:21:52,0.9,71.09
16739,卡充值,,,2015/05/31 17:10:11,300.0,371.09
16739,POS消费,地点587,淋浴,2015/05/31 18:27:08,1.1,369.99
16739,POS消费,地点106,开水,2015/05/31 21:21:29,0.01,369.98
16739,POS消费,地点114,食堂,2015/06/01 12:06:15,5.0,364.98
16739,POS消费,地点256,食堂,2015/06/01 12:08:46,8.0,356.98
16739,POS消费,地点587,淋浴,2015/06/01 18:24:21,1.0,355.98
16739,POS消费,地点256,食堂,2015/06/02 11:31:04,8.0,347.98
16739,POS消费,地点217,食堂,2015/06/02 11:36:33,2.0,345.98
16739,POS消费,地点587,淋浴,2015/06/02 20:44:04,1.3,344.68
16739,POS消费,地点587,淋浴,2015/06/09 22:36:01,1.2,343.48
16739,POS消费,地点258,食堂,2015/06/10 11:22:48,3.2,340.28
16739,POS消费,地点256,食堂,2015/06/10 11:25:36,10.0,330.28
16739,POS消费,地点106,开水,2015/06/10 16:28:03,0.01,330.27
16739,POS消费,地点587,淋浴,2015/06/10 17:41:04,1.3,328.97
16739,POS消费,地点1163,洗衣房,2015/06/10 17:43:04,3.6,325.37
16739,POS消费,地点238,食堂,2015/06/10 17:56:16,5.0,320.37
16739,POS消费,地点21,开水,2015/06/10 18:07:03,17.69,302.68
16739,POS消费,地点21,开水,2015/06/10 18:07:25,3.27,299.41
16739,POS消费,地点1163,洗衣房,2015/06/10 18:34:03,-0.66,300.07
16739,POS消费,地点12,文印中心,2015/06/11 11:43:58,12.0,288.07
16739,POS消费,地点118,食堂,2015/06/11 14:26:01,2.9,285.17
16739,POS消费,地点587,淋浴,2015/06/11 17:12:06,1.1,284.07
16739,POS消费,地点238,食堂,2015/06/11 17:47:32,14.8,269.27
16739,POS消费,地点106,开水,2015/06/11 21:59:21,0.01,269.26
16739,POS消费,地点21,开水,2015/06/12 09:24:16,4.0,265.26
16739,POS消费,地点21,开水,2015/06/12 09:24:49,0.8,264.46
16739,POS消费,地点2172,文印中心,2015/06/12 15:27:17,0.15,264.31
16739,POS消费,地点274,超市,2015/06/12 15:29:07,6.0,258.31
16739,POS消费,地点587,淋浴,2015/06/12 20:22:07,1.4,256.91
16739,POS消费,地点1165,洗衣房,2015/06/12 20:31:07,3.6,253.31
16739,POS消费,地点118,食堂,2015/06/13 08:30:13,2.9,250.41
16739,POS消费,地点106,开水,2015/06/13 19:22:11,0.01,250.4
16739,POS消费,地点587,淋浴,2015/06/13 22:11:13,1.2,249.2
16739,POS消费,地点106,开水,2015/06/14 00:06:11,0.01,249.19
16739,POS消费,地点106,开水,2015/06/14 12:04:12,0.01,249.18
16739,POS消费,地点304,超市,2015/06/14 20:47:22,14.6,234.58
16739,POS消费,地点21,开水,2015/06/14 20:51:16,10.6,223.98
16739,POS消费,地点587,淋浴,2015/06/14 21:55:11,1.2,222.78
16739,POS消费,地点587,淋浴,2015/06/15 17:36:14,1.2,221.58
16739,POS消费,地点106,开水,2015/06/15 21:23:14,0.01,221.57
16739,POS消费,地点258,食堂,2015/06/16 17:35:26,3.2,213.37
16739,POS消费,地点238,食堂,2015/06/16 17:36:16,5.0,216.57
16739,POS消费,地点587,淋浴,2015/06/16 22:19:02,1.3,212.07
16739,POS消费,地点256,食堂,2015/06/17 12:08:07,5.0,202.07
16739,POS消费,地点238,食堂,2015/06/17 12:08:13,5.0,207.07
16739,POS消费,地点587,淋浴,2015/06/17 18:37:03,1.2,200.87
16739,POS消费,地点1166,洗衣房,2015/06/17 18:39:04,3.6,197.27
16739,POS消费,地点1448,校车,2015/06/17 18:45:38,1.0,196.27
16739,POS消费,地点21,开水,2015/06/17 21:59:19,4.75,191.52
16739,POS消费,地点2026,淋浴,2015/06/18 22:32:57,1.1,190.42
16739,POS消费,地点587,淋浴,2015/06/19 22:40:59,0.9,189.52
16739,POS消费,地点256,食堂,2015/06/20 11:38:24,10.0,179.52
16739,POS消费,地点587,淋浴,2015/06/20 20:31:04,1.5,178.02
16739,POS消费,地点238,食堂,2015/06/21 11:41:34,5.0,173.02
16739,POS消费,地点26,图书馆,2015/06/21 11:56:56,7.1,165.92
16739,POS消费,地点21,开水,2015/06/21 12:01:50,20.32,145.6
16739,POS消费,地点597,淋浴,2015/06/21 22:53:05,1.1,144.5
16739,POS消费,地点280,食堂,2015/06/22 12:08:29,3.6,135.9
16739,POS消费,地点217,食堂,2015/06/22 12:14:55,5.0,139.5
16739,POS消费,地点211,校车,2015/06/22 16:59:49,1.0,134.9
16739,POS消费,地点837,校车,2015/06/22 18:11:15,1.0,133.9
16739,POS消费,地点118,食堂,2015/06/22 19:39:15,4.8,129.1
16739,POS消费,地点2026,淋浴,2015/06/22 22:38:03,1.6,127.5
16739,POS消费,地点587,淋浴,2015/06/23 19:58:04,1.2,126.3
16739,POS消费,地点256,食堂,2015/06/24 11:25:38,8.0,118.3
16739,POS消费,地点587,淋浴,2015/06/24 21:57:49,1.6,116.7
16739,POS消费,地点12,文印中心,2015/06/25 11:51:47,10.0,106.7
16739,POS消费,地点238,食堂,2015/06/25 11:52:50,2.0,104.7
16739,POS消费,地点118,食堂,2015/06/25 14:18:58,4.0,100.7
16739,POS消费,地点217,食堂,2015/06/25 18:09:31,5.0,95.7
16739,POS消费,地点21,开水,2015/06/25 18:17:37,4.82,90.88
16739,POS消费,地点587,淋浴,2015/06/25 21:41:07,1.1,89.78
16739,POS消费,地点1165,洗衣房,2015/06/25 21:42:07,3.6,86.18
16739,POS消费,地点256,食堂,2015/06/26 11:33:46,10.0,76.18
16739,POS消费,地点21,开水,2015/06/26 15:34:42,3.0,73.18
16739,POS消费,地点2026,淋浴,2015/06/26 20:18:11,1.1,72.08
16739,POS消费,地点586,淋浴,2015/06/27 22:36:14,1.3,70.78
16739,POS消费,地点21,开水,2015/06/28 19:49:33,3.57,67.21
16739,POS消费,地点21,开水,2015/06/28 19:49:38,3.44,63.77
16739,POS消费,地点587,淋浴,2015/06/28 22:23:29,1.2,62.57
16739,POS消费,地点2026,淋浴,2015/06/29 22:52:18,1.2,61.37
16739,POS消费,地点587,淋浴,2015/06/30 22:10:24,1.3,60.07
16739,POS消费,地点839,食堂,2015/07/01 11:25:56,5.1,54.97
16739,POS消费,地点21,开水,2015/07/01 11:57:12,7.02,46.45
16739,POS消费,地点2031,食堂,2015/07/01 12:08:00,1.5,53.47
16739,POS消费,地点2026,淋浴,2015/07/01 21:53:06,1.3,45.15
16739,POS消费,地点1165,洗衣房,2015/07/01 22:08:04,3.6,41.55
16739,POS消费,地点587,淋浴,2015/07/02 21:57:34,1.3,40.25
16739,卡充值,,,2015/07/03 11:02:44,200.0,240.25
16739,POS消费,地点238,食堂,2015/07/03 11:04:47,10.0,230.25
16739,POS消费,地点587,淋浴,2015/07/03 22:15:56,1.5,228.75
16739,POS消费,地点587,淋浴,2015/07/04 22:04:08,1.4,227.35
16739,POS消费,地点2026,淋浴,2015/07/05 22:22:04,1.2,226.15
16739,POS消费,地点238,食堂,2015/07/06 11:33:51,5.0,221.15
16739,POS消费,地点280,食堂,2015/07/06 11:35:42,3.6,217.55
16739,POS消费,地点21,开水,2015/07/06 11:54:07,3.1,214.45
16739,POS消费,地点1155,食堂,2015/07/06 16:35:26,2.9,211.55
16739,POS消费,地点12,文印中心,2015/07/06 17:48:30,12.0,199.55
16739,POS消费,地点587,淋浴,2015/07/06 21:58:46,1.3,198.25
16739,POS消费,地点222,校车,2015/07/07 09:12:56,1.0,197.25
16739,POS消费,地点222,校车,2015/07/07 09:14:01,1.0,196.25
16739,POS消费,地点146,校车,2015/07/07 12:18:19,1.0,195.25
16739,POS消费,地点146,校车,2015/07/07 12:18:32,1.0,194.25
16739,POS消费,地点1155,食堂,2015/07/07 12:47:11,1.5,192.75
16739,POS消费,地点26,图书馆,2015/07/07 21:58:47,8.8,183.95
16739,POS消费,地点26,图书馆,2015/07/07 21:58:52,8.8,175.15
16739,POS消费,地点2026,淋浴,2015/07/07 22:13:51,0.7,174.45
16739,POS消费,地点2026,淋浴,2015/07/07 22:32:01,0.8,173.65
16739,POS消费,地点1163,洗衣房,2015/07/07 22:35:02,3.6,170.05
16739,POS消费,地点587,淋浴,2015/07/08 22:08:52,1.3,168.75
16739,POS消费,地点21,开水,2015/07/09 17:51:15,3.34,165.41
16739,POS消费,地点587,淋浴,2015/07/09 21:51:41,1.1,164.31
16739,POS消费,地点217,食堂,2015/07/10 11:32:18,10.0,154.31
16739,POS消费,地点21,开水,2015/07/10 11:42:31,3.96,150.35
16739,POS消费,地点2026,淋浴,2015/07/11 00:19:13,1.0,149.35
16739,POS消费,地点1551,食堂,2015/07/11 11:16:21,0.6,138.75
16739,POS消费,地点258,食堂,2015/07/11 11:17:41,2.8,135.95
16739,POS消费,地点114,食堂,2015/07/11 11:17:44,10.0,139.35
16739,POS消费,地点1155,食堂,2015/07/11 11:36:36,2.9,133.05
16739,POS消费,地点256,食堂,2015/07/11 17:16:55,10.0,123.05
16739,POS消费,地点841,食堂,2015/07/11 17:26:15,1.5,121.55
16739,POS消费,地点1961,超市,2015/07/11 19:59:20,15.5,106.05
16739,POS消费,地点588,淋浴,2015/07/11 22:08:13,1.2,104.85
16739,POS消费,地点238,食堂,2015/07/12 11:45:38,5.0,99.85
16739,POS消费,地点280,食堂,2015/07/12 11:47:56,4.2,95.65
16739,POS消费,地点1155,食堂,2015/07/12 14:12:49,4.0,91.65
16739,POS消费,地点837,校车,2015/07/13 17:47:02,1.0,90.65
16739,POS消费,地点21,开水,2015/07/13 18:01:30,3.0,87.65
16739,POS消费,地点587,淋浴,2015/07/13 22:19:20,1.2,86.45
16739,POS消费,地点1551,食堂,2015/07/14 11:47:32,0.6,75.85
16739,POS消费,地点114,食堂,2015/07/14 11:48:46,10.0,76.45
16739,POS消费,地点1451,校车,2015/07/15 15:12:14,1.0,74.85
16739,POS消费,地点21,开水,2015/07/15 15:52:07,5.9,68.95
16739,POS消费,地点587,淋浴,2015/07/15 20:56:18,1.4,67.55
16739,POS消费,地点114,食堂,2015/07/16 11:14:11,5.0,62.55
16739,POS消费,地点256,食堂,2015/07/16 11:14:22,8.0,54.55
16739,POS消费,地点258,食堂,2015/07/16 11:24:04,1.5,53.05
16739,POS消费,地点1472,校车,2015/07/16 13:51:42,1.0,47.45
16739,POS消费,地点118,食堂,2015/07/16 13:58:32,4.6,48.45
16739,POS消费,地点256,食堂,2015/07/17 17:51:32,10.0,37.45
16739,POS消费,地点1996,校车,2015/07/18 15:28:42,1.0,36.45
16739,POS消费,地点21,开水,2015/07/18 15:55:20,8.08,28.37
16739,POS消费,地点587,淋浴,2015/07/18 18:29:54,0.9,27.47
16739,POS消费,地点238,食堂,2015/07/19 11:27:50,10.0,17.47
16739,POS消费,地点21,开水,2015/07/19 11:44:51,2.0,15.47
16739,POS消费,地点1155,食堂,2015/07/19 14:04:29,5.5,9.97
16739,POS消费,地点146,校车,2015/07/20 15:16:25,1.0,8.97
16739,POS消费,地点587,淋浴,2015/07/20 21:34:15,1.5,7.47
16739,POS消费,地点1155,食堂,2015/07/21 13:45:47,4.6,2.87
16739,POS消费,地点1155,食堂,2015/07/22 15:52:26,1.5,1.37
16739,卡充值,,,2015/07/23 11:18:57,100.0,101.37
16739,POS消费,地点1551,食堂,2015/07/23 11:22:28,0.6,90.77
16739,POS消费,地点114,食堂,2015/07/23 11:24:02,10.0,91.37
16739,POS消费,地点1155,食堂,2015/07/23 13:09:28,2.9,87.87
16739,POS消费,地点1551,食堂,2015/07/26 11:37:01,0.6,77.27
16739,POS消费,地点114,食堂,2015/07/26 11:38:40,10.0,77.87
16739,POS消费,地点118,食堂,2015/07/26 13:16:56,2.8,74.47
16739,POS消费,地点118,食堂,2015/07/27 15:51:06,4.5,69.97
16739,POS消费,地点118,食堂,2015/07/28 13:32:27,2.9,67.07
16739,POS消费,地点118,食堂,2015/07/29 15:46:47,10.5,56.57
16739,POS消费,地点841,食堂,2015/07/29 18:16:38,2.9,29.07
16739,POS消费,地点167,食堂,2015/07/29 18:18:43,4.6,31.97
16739,POS消费,地点304,超市,2015/07/29 18:31:34,8.4,20.67
16739,,,,2015/07/29 19:14:34,20.0,36.57
16739,POS消费,地点118,食堂,2015/07/30 22:09:54,2.9,17.77
16739,POS消费,地点217,食堂,2015/07/31 17:22:50,5.0,12.77
16739,POS消费,地点21,开水,2015/07/31 17:36:36,3.44,9.33
