18378,POS消费,地点69,食堂,2013/09/01 08:13:37,1.8,244.68
18378,POS消费,地点269,食堂,2013/09/01 11:54:40,5.2,239.48
18378,POS消费,地点82,食堂,2013/09/01 17:47:56,4.2,235.28
18378,POS消费,地点472,淋浴,2013/09/01 19:27:30,0.2,246.48
18378,POS消费,地点472,淋浴,2013/09/01 22:02:46,0.2,235.08
18378,POS消费,地点21,开水,2013/09/02 07:08:47,2.4,232.68
18378,POS消费,地点219,超市,2013/09/02 15:51:48,2.0,230.68
18378,POS消费,地点21,开水,2013/09/02 18:21:59,8.2,222.48
18378,POS消费,地点818,食堂,2013/09/03 07:55:35,3.03,219.45
18378,POS消费,地点273,食堂,2013/09/03 12:20:03,7.4,212.05
18378,POS消费,地点91,校车,2013/09/03 18:17:28,4.6,207.45
18378,POS消费,地点91,校车,2013/09/04 07:38:19,2.9,204.35
18378,POS消费,地点480,淋浴,2013/09/04 07:56:35,0.2,207.25
18378,POS消费,地点21,开水,2013/09/04 12:26:44,5.1,199.25
18378,POS消费,地点840,食堂,2013/09/04 18:20:35,4.2,195.05
18378,POS消费,地点840,食堂,2013/09/04 18:20:45,3.7,191.35
18378,POS消费,地点388,淋浴,2013/09/04 21:57:03,0.1,191.25
18378,POS消费,地点467,淋浴,2013/09/04 22:00:52,0.2,191.05
18378,POS消费,地点838,食堂,2013/09/05 07:35:07,2.83,188.22
18378,POS消费,地点235,食堂,2013/09/05 12:24:41,3.7,184.52
18378,POS消费,地点273,食堂,2013/09/05 18:01:07,6.1,178.42
18378,POS消费,地点470,淋浴,2013/09/05 22:18:16,0.3,178.12
18378,POS消费,地点266,食堂,2013/09/06 07:32:25,3.43,174.69
18378,POS消费,地点245,食堂,2013/09/06 11:33:33,2.5,172.19
18378,POS消费,地点842,食堂,2013/09/06 17:37:16,5.8,166.39
18378,POS消费,地点480,淋浴,2013/09/06 21:44:18,0.2,166.19
18378,POS消费,地点527,食堂,2013/09/07 07:21:26,0.7,165.49
18378,POS消费,地点267,食堂,2013/09/07 07:27:11,1.23,164.26
18378,POS消费,地点21,开水,2013/09/07 11:55:14,1.5,158.56
18378,POS消费,地点236,食堂,2013/09/07 11:59:38,4.2,160.06
18378,POS消费,地点26,图书馆,2013/09/07 12:27:44,11.0,147.56
18378,POS消费,地点273,食堂,2013/09/07 17:45:41,3.7,143.86
18378,POS消费,地点257,食堂,2013/09/07 17:49:45,1.8,142.06
18378,POS消费,地点467,淋浴,2013/09/07 21:33:47,0.2,141.86
18378,POS消费,地点527,食堂,2013/09/08 07:32:47,1.9,139.96
18378,POS消费,地点91,校车,2013/09/08 12:02:03,3.6,136.36
18378,POS消费,地点91,校车,2013/09/08 17:37:43,4.2,132.16
18378,POS消费,地点841,食堂,2013/09/08 17:49:34,1.0,131.16
18378,POS消费,地点527,食堂,2013/09/09 07:24:53,1.93,129.23
18378,POS消费,地点21,开水,2013/09/09 11:55:52,1.9,127.33
18378,POS消费,地点236,食堂,2013/09/09 12:01:15,3.5,123.83
18378,POS消费,地点144,食堂,2013/09/09 17:45:58,5.6,118.23
18378,POS消费,地点467,淋浴,2013/09/09 21:57:42,0.3,117.93
18378,POS消费,地点91,校车,2013/09/10 07:18:19,3.83,114.1
18378,POS消费,地点244,食堂,2013/09/10 11:33:19,4.2,109.9
18378,POS消费,地点188,超市,2013/09/10 12:08:38,2.8,107.1
18378,POS消费,地点273,食堂,2013/09/10 17:38:34,5.2,101.9
18378,POS消费,地点470,淋浴,2013/09/10 21:22:28,0.2,101.7
18378,POS消费,地点527,食堂,2013/09/11 07:15:10,0.7,101.0
18378,POS消费,地点844,食堂,2013/09/11 07:20:50,2.03,98.97
18378,POS消费,地点818,食堂,2013/09/11 11:29:11,4.4,94.57
18378,POS消费,地点273,食堂,2013/09/11 17:26:22,5.4,89.17
18378,POS消费,地点472,淋浴,2013/09/11 21:08:13,0.2,88.97
18378,POS消费,地点75,食堂,2013/09/12 07:11:03,2.83,86.14
18378,POS消费,地点21,开水,2013/09/12 11:29:36,4.6,81.54
18378,POS消费,地点841,食堂,2013/09/12 11:33:15,3.0,78.54
18378,POS消费,地点21,开水,2013/09/12 17:27:05,5.0,73.54
18378,POS消费,地点467,淋浴,2013/09/12 21:37:56,0.2,73.34
18378,POS消费,地点144,食堂,2013/09/13 07:17:42,1.73,71.61
18378,POS消费,地点273,食堂,2013/09/13 11:22:15,5.2,66.41
18378,POS消费,地点844,食堂,2013/09/13 17:09:34,0.4,63.01
18378,POS消费,地点840,食堂,2013/09/13 17:11:29,3.0,63.41
18378,POS消费,地点480,淋浴,2013/09/13 22:08:47,0.2,62.81
18378,POS消费,地点527,食堂,2013/09/14 07:25:29,0.7,62.11
18378,POS消费,地点267,食堂,2013/09/14 07:31:17,2.03,60.08
18378,POS消费,地点218,食堂,2013/09/14 11:55:36,1.0,59.08
18378,POS消费,地点21,开水,2013/09/14 11:58:20,1.7,57.38
18378,POS消费,地点21,开水,2013/09/14 12:00:10,1.2,56.18
18378,POS消费,地点87,食堂,2013/09/14 17:21:22,4.2,51.98
18378,卡充值,,,2013/09/14 17:35:40,100.0,151.98
18378,POS消费,地点26,图书馆,2013/09/14 18:03:12,17.7,134.28
18378,POS消费,地点467,淋浴,2013/09/14 18:33:42,0.3,133.98
18378,POS消费,地点69,食堂,2013/09/15 08:01:16,0.6,133.38
18378,POS消费,地点87,食堂,2013/09/15 08:01:56,2.0,131.38
18378,POS消费,地点60,食堂,2013/09/15 08:06:43,0.3,131.08
18378,POS消费,地点21,开水,2013/09/15 11:17:15,1.7,129.38
18378,POS消费,地点91,校车,2013/09/15 11:22:57,4.55,124.83
18378,POS消费,地点21,开水,2013/09/15 13:59:58,7.6,117.23
18378,POS消费,地点21,开水,2013/09/15 17:17:20,1.5,112.23
18378,POS消费,地点21,开水,2013/09/15 17:18:16,1.5,110.73
18378,POS消费,地点235,食堂,2013/09/15 17:20:59,3.5,113.73
18378,POS消费,地点468,淋浴,2013/09/15 19:33:27,0.2,110.53
18378,POS消费,地点92,食堂,2013/09/16 06:57:16,3.6,106.93
18378,POS消费,地点21,开水,2013/09/16 12:13:47,1.7,105.23
18378,POS消费,地点236,食堂,2013/09/16 12:20:03,3.5,101.73
18378,POS消费,地点21,开水,2013/09/16 18:15:29,1.4,100.33
18378,POS消费,地点21,开水,2013/09/16 18:26:40,2.5,97.83
18378,POS消费,地点69,食堂,2013/09/17 06:42:00,1.2,96.63
18378,POS消费,地点60,食堂,2013/09/17 06:45:57,0.8,95.83
18378,POS消费,地点91,校车,2013/09/17 12:17:45,4.4,91.43
18378,POS消费,地点972,食堂,2013/09/17 12:22:21,4.0,87.43
18378,POS消费,地点467,淋浴,2013/09/17 12:44:23,0.2,87.23
18378,POS消费,地点124,食堂,2013/09/17 17:26:47,3.0,84.23
18378,POS消费,地点21,开水,2013/09/17 17:50:17,1.0,83.23
18378,POS消费,地点69,食堂,2013/09/18 06:41:48,2.0,81.23
18378,POS消费,地点91,校车,2013/09/18 12:16:55,4.4,76.83
18378,POS消费,地点232,食堂,2013/09/18 18:11:16,5.2,71.63
18378,POS消费,地点21,开水,2013/09/18 18:39:41,6.9,64.73
18378,POS消费,地点467,淋浴,2013/09/18 22:30:12,0.2,64.53
18378,POS消费,地点134,食堂,2013/09/19 09:23:57,0.8,63.73
18378,POS消费,地点103,食堂,2013/09/19 09:28:31,0.6,63.13
18378,POS消费,地点92,食堂,2013/09/19 12:28:13,3.7,59.43
18378,POS消费,地点195,超市,2013/09/19 12:56:55,7.8,51.63
18378,POS消费,地点466,淋浴,2013/09/19 19:48:03,0.2,51.43
18378,POS消费,地点103,食堂,2013/09/20 09:17:42,3.6,47.83
18378,POS消费,地点220,校车,2013/09/20 09:43:11,4.0,43.83
18378,POS消费,地点179,食堂,2013/09/20 18:08:32,1.2,42.63
18378,POS消费,地点21,开水,2013/09/20 18:22:05,2.5,40.13
18378,POS消费,地点472,淋浴,2013/09/20 20:05:47,0.2,39.93
18378,卡充值,,,2013/09/21 09:08:33,200.0,239.93
18378,POS消费,地点103,食堂,2013/09/21 09:22:28,3.0,236.93
18378,POS消费,地点103,食堂,2013/09/21 18:02:47,4.2,232.73
18378,POS消费,地点92,食堂,2013/09/22 07:00:30,3.2,229.53
18378,POS消费,地点213,食堂,2013/09/22 10:00:05,1.5,228.03
18378,POS消费,地点21,开水,2013/09/22 12:10:48,1.4,226.63
18378,POS消费,地点21,开水,2013/09/22 12:23:33,1.5,225.13
18378,POS消费,地点467,淋浴,2013/09/22 12:48:26,0.2,224.93
18378,POS消费,地点21,开水,2013/09/22 17:44:20,1.4,223.53
18378,POS消费,地点91,校车,2013/09/22 17:48:59,2.8,220.73
18378,POS消费,地点92,食堂,2013/09/23 06:58:25,3.2,217.53
18378,POS消费,地点21,开水,2013/09/23 11:38:26,2.4,215.13
18378,POS消费,地点21,开水,2013/09/23 11:50:01,2.5,212.63
18378,POS消费,地点92,食堂,2013/09/23 18:14:39,4.2,208.43
18378,POS消费,地点103,食堂,2013/09/24 06:59:48,3.2,205.23
18378,POS消费,地点179,食堂,2013/09/24 12:12:59,3.7,201.53
18378,POS消费,地点21,开水,2013/09/24 12:14:36,1.5,200.03
18378,POS消费,地点388,淋浴,2013/09/24 12:41:02,0.3,199.73
18378,POS消费,地点21,开水,2013/09/24 17:32:10,1.5,195.03
18378,POS消费,地点21,开水,2013/09/24 17:33:13,1.2,196.53
18378,POS消费,地点235,食堂,2013/09/24 17:34:34,2.0,197.73
18378,POS消费,地点134,食堂,2013/09/25 06:58:47,0.8,194.23
18378,POS消费,地点103,食堂,2013/09/25 07:01:52,1.8,192.43
18378,POS消费,地点21,开水,2013/09/25 12:07:48,1.2,191.23
18378,POS消费,地点236,食堂,2013/09/25 12:12:35,3.5,187.73
18378,POS消费,地点21,开水,2013/09/25 18:05:44,2.4,185.33
18378,POS消费,地点157,食堂,2013/09/26 06:58:37,0.8,183.03
18378,POS消费,地点92,食堂,2013/09/26 06:59:09,1.5,183.83
18378,POS消费,地点21,开水,2013/09/26 12:14:07,1.4,181.63
18378,POS消费,地点236,食堂,2013/09/26 12:19:44,3.8,177.83
18378,POS消费,地点829,图书馆,2013/09/26 16:09:41,20.0,157.83
18378,POS消费,地点21,开水,2013/09/26 17:40:54,1.2,156.63
18378,POS消费,地点69,食堂,2013/09/27 06:57:50,2.0,154.63
18378,POS消费,地点157,食堂,2013/09/27 12:22:00,4.2,150.43
18378,POS消费,地点134,食堂,2013/09/27 18:24:46,4.2,146.23
18378,POS消费,地点60,食堂,2013/09/28 09:23:52,0.8,145.43
18378,POS消费,地点235,食堂,2013/09/28 11:24:24,2.0,143.43
18378,POS消费,地点21,开水,2013/09/28 11:33:36,2.5,140.93
18378,POS消费,地点21,开水,2013/09/28 17:42:50,1.5,135.63
18378,POS消费,地点21,开水,2013/09/28 17:44:42,1.0,137.13
18378,POS消费,地点236,食堂,2013/09/28 17:47:15,2.8,138.13
18378,POS消费,地点92,食堂,2013/09/29 06:54:52,2.6,133.03
18378,POS消费,地点21,开水,2013/09/29 12:12:06,1.2,131.83
18378,POS消费,地点21,开水,2013/09/29 12:23:57,2.5,129.33
18378,POS消费,地点1198,洗衣房,2013/09/29 12:54:36,3.6,125.73
18378,POS消费,地点1198,洗衣房,2013/09/29 13:37:28,-1.02,126.75
18378,POS消费,地点179,食堂,2013/09/29 18:07:01,1.4,125.35
18378,POS消费,地点21,开水,2013/09/29 18:12:35,4.0,121.35
18378,POS消费,地点92,食堂,2013/09/30 07:06:45,2.4,118.95
18378,POS消费,地点21,开水,2013/09/30 12:03:43,1.5,113.75
18378,POS消费,地点236,食堂,2013/09/30 12:08:01,3.7,115.25
18378,POS消费,地点103,食堂,2013/09/30 18:07:30,3.7,110.05
18378,POS消费,地点21,开水,2013/09/30 18:20:37,1.0,109.05
18378,POS消费,地点837,校车,2013/09/30 20:15:09,1.0,108.05
18378,POS消费,地点470,淋浴,2013/09/30 20:59:49,0.3,107.75
18378,POS消费,地点60,食堂,2013/10/01 09:17:37,0.3,107.45
18378,POS消费,地点222,校车,2013/10/01 14:19:02,1.0,106.45
18378,POS消费,地点251,食堂,2013/10/01 18:05:04,2.2,104.25
18378,POS消费,地点242,食堂,2013/10/01 18:05:52,1.5,102.75
18378,POS消费,地点251,食堂,2013/10/02 11:51:46,1.6,101.15
18378,POS消费,地点242,食堂,2013/10/02 11:52:21,1.5,99.65
18378,POS消费,地点65,食堂,2013/10/02 18:00:23,3.7,95.95
18378,POS消费,地点72,食堂,2013/10/03 09:03:46,0.8,94.65
18378,POS消费,地点60,食堂,2013/10/03 09:06:46,0.5,95.45
18378,POS消费,地点87,食堂,2013/10/03 18:00:11,4.2,90.45
18378,POS消费,地点467,淋浴,2013/10/03 19:47:48,0.2,90.25
18378,POS消费,地点60,食堂,2013/10/04 12:13:03,4.2,86.05
18378,POS消费,地点253,食堂,2013/10/04 18:04:05,4.0,82.05
18378,POS消费,地点87,食堂,2013/10/05 12:05:14,4.2,77.85
18378,POS消费,地点91,校车,2013/10/06 17:37:49,4.2,73.65
18378,POS消费,地点1184,洗衣房,2013/10/07 09:21:20,3.6,70.05
18378,POS消费,地点1184,洗衣房,2013/10/07 10:08:20,-0.78,70.83
18378,POS消费,地点87,食堂,2013/10/07 11:58:05,4.2,66.63
18378,POS消费,地点996,图书馆,2013/10/07 14:23:50,3.5,63.13
18378,POS消费,地点203,食堂,2013/10/07 16:52:54,5.5,57.63
18378,POS消费,地点467,淋浴,2013/10/07 17:19:00,0.2,57.43
18378,POS消费,地点103,食堂,2013/10/08 06:58:16,2.4,55.03
18378,POS消费,地点21,开水,2013/10/08 12:04:40,1.2,53.83
18378,POS消费,地点21,开水,2013/10/08 12:16:04,1.5,52.33
18378,POS消费,地点124,食堂,2013/10/08 17:23:20,4.0,48.33
18378,POS消费,地点92,食堂,2013/10/09 06:54:26,2.6,45.73
18378,POS消费,地点21,开水,2013/10/09 12:15:50,2.7,43.03
18378,POS消费,地点235,食堂,2013/10/09 12:19:40,1.5,41.53
18378,卡充值,,,2013/10/09 12:23:14,100.0,141.53
18378,POS消费,地点388,淋浴,2013/10/09 12:36:06,0.2,141.33
18378,POS消费,地点472,淋浴,2013/10/09 12:44:02,0.2,141.13
18378,POS消费,地点21,开水,2013/10/09 18:11:05,1.4,139.73
18378,POS消费,地点21,开水,2013/10/09 18:25:16,1.5,138.23
18378,POS消费,地点92,食堂,2013/10/10 06:54:41,2.6,135.63
18378,POS消费,地点21,开水,2013/10/10 12:12:43,1.4,134.23
18378,POS消费,地点236,食堂,2013/10/10 12:18:00,3.6,130.63
18378,POS消费,地点124,食堂,2013/10/10 17:26:41,4.0,126.63
18378,POS消费,地点21,开水,2013/10/11 06:57:52,2.4,124.23
18378,POS消费,地点146,校车,2013/10/11 13:09:17,1.0,123.23
18378,POS消费,地点21,开水,2013/10/11 17:42:34,1.5,116.53
18378,POS消费,地点249,食堂,2013/10/11 17:46:41,5.2,118.03
18378,POS消费,地点467,淋浴,2013/10/11 18:05:39,0.1,116.43
18378,POS消费,地点467,淋浴,2013/10/11 18:12:09,0.2,116.23
18378,POS消费,地点92,食堂,2013/10/12 06:54:38,2.0,114.23
18378,POS消费,地点124,食堂,2013/10/12 11:47:08,4.0,110.23
18378,POS消费,地点213,食堂,2013/10/12 12:30:09,1.0,109.23
18378,POS消费,地点249,食堂,2013/10/12 18:11:23,5.2,104.03
18378,POS消费,地点87,食堂,2013/10/13 11:25:06,4.2,99.83
18378,POS消费,地点996,图书馆,2013/10/13 11:54:23,1.5,98.33
18378,POS消费,地点87,食堂,2013/10/13 17:43:39,4.2,94.13
18378,POS消费,地点92,食堂,2013/10/14 06:57:30,2.0,92.13
18378,POS消费,地点103,食堂,2013/10/14 12:03:04,4.2,87.93
18378,POS消费,地点21,开水,2013/10/14 18:06:03,1.7,86.23
18378,POS消费,地点179,食堂,2013/10/14 18:06:44,4.0,82.23
18378,POS消费,地点470,淋浴,2013/10/14 21:51:13,0.3,81.93
18378,POS消费,地点1198,洗衣房,2013/10/14 22:16:37,3.6,78.33
18378,POS消费,地点1198,洗衣房,2013/10/14 22:59:13,-1.02,79.35
18378,POS消费,地点103,食堂,2013/10/15 06:54:19,1.2,78.15
18378,POS消费,地点103,食堂,2013/10/15 06:54:38,0.8,77.35
18378,POS消费,地点179,食堂,2013/10/15 12:04:24,4.2,73.15
18378,POS消费,地点235,食堂,2013/10/15 12:09:19,1.8,71.35
18378,POS消费,地点21,开水,2013/10/15 17:45:03,1.8,69.55
18378,POS消费,地点72,食堂,2013/10/15 17:46:35,4.0,65.55
18378,POS消费,地点103,食堂,2013/10/16 06:55:28,0.8,64.75
18378,POS消费,地点21,开水,2013/10/16 07:00:07,0.8,63.95
18378,POS消费,地点21,开水,2013/10/16 12:16:28,2.2,61.75
18378,POS消费,地点21,开水,2013/10/16 12:27:58,2.0,59.75
18378,POS消费,地点211,校车,2013/10/16 16:49:56,1.0,58.75
18378,POS消费,地点222,校车,2013/10/16 18:00:44,1.0,57.75
18378,POS消费,地点92,食堂,2013/10/17 07:01:04,2.0,55.75
18378,POS消费,地点21,开水,2013/10/17 12:06:49,1.5,50.05
18378,POS消费,地点179,食堂,2013/10/17 12:06:56,4.2,51.55
18378,卡充值,,,2013/10/17 12:18:09,100.0,150.05
18378,POS消费,地点21,开水,2013/10/17 17:39:40,1.5,144.55
18378,POS消费,地点236,食堂,2013/10/17 17:45:17,4.0,146.05
18378,POS消费,地点388,淋浴,2013/10/17 21:42:21,0.2,144.15
18378,POS消费,地点388,淋浴,2013/10/17 21:45:00,0.2,144.35
18378,POS消费,地点103,食堂,2013/10/18 06:54:03,2.8,141.35
18378,POS消费,地点91,校车,2013/10/18 11:50:11,6.0,135.35
18378,POS消费,地点83,食堂,2013/10/19 09:23:15,4.3,131.05
18378,POS消费,地点91,校车,2013/10/19 17:53:25,6.0,125.05
18378,POS消费,地点72,食堂,2013/10/20 09:24:17,0.83,124.22
18378,POS消费,地点83,食堂,2013/10/20 09:26:54,1.8,122.42
18378,POS消费,地点232,食堂,2013/10/20 11:55:41,10.3,112.12
18378,POS消费,地点470,淋浴,2013/10/20 16:03:37,0.2,111.92
18378,POS消费,地点388,淋浴,2013/10/20 16:09:47,0.2,111.72
18378,POS消费,地点388,淋浴,2013/10/20 16:21:46,0.4,111.32
18378,POS消费,地点21,开水,2013/10/20 18:38:19,2.5,108.82
18378,POS消费,地点103,食堂,2013/10/21 06:58:03,1.6,106.42
18378,POS消费,地点134,食堂,2013/10/21 06:59:06,0.8,108.02
18378,POS消费,地点21,开水,2013/10/21 12:08:57,4.2,102.22
18378,POS消费,地点179,食堂,2013/10/21 18:06:22,4.4,97.82
18378,POS消费,地点103,食堂,2013/10/22 06:58:43,1.6,96.22
18378,POS消费,地点134,食堂,2013/10/22 07:00:59,0.8,95.42
18378,POS消费,地点179,食堂,2013/10/22 12:10:10,4.6,90.82
18378,POS消费,地点21,开水,2013/10/22 12:10:55,1.5,89.32
18378,POS消费,地点69,食堂,2013/10/22 17:21:25,5.2,84.12
18378,POS消费,地点103,食堂,2013/10/23 06:54:41,1.6,82.52
18378,POS消费,地点134,食堂,2013/10/23 06:57:03,0.8,81.72
18378,POS消费,地点179,食堂,2013/10/23 12:14:06,4.2,77.52
18378,POS消费,地点21,开水,2013/10/23 12:16:39,1.0,76.52
18378,卡充值,,,2013/10/23 12:23:22,100.0,176.52
18378,POS消费,地点21,开水,2013/10/23 18:09:54,1.2,175.32
18378,POS消费,地点21,开水,2013/10/23 18:11:18,1.5,173.82
18378,POS消费,地点526,食堂,2013/10/23 21:04:43,2.5,171.32
18378,POS消费,地点21,开水,2013/10/24 07:01:33,1.6,169.72
18378,POS消费,地点157,食堂,2013/10/24 07:04:40,0.8,168.92
18378,POS消费,地点21,开水,2013/10/24 12:11:54,1.5,164.22
18378,POS消费,地点21,开水,2013/10/24 12:12:54,1.2,165.72
18378,POS消费,地点235,食堂,2013/10/24 12:14:07,2.0,166.92
18378,POS消费,地点21,开水,2013/10/24 18:03:23,1.5,161.32
18378,POS消费,地点21,开水,2013/10/24 18:05:50,1.4,162.82
18378,POS消费,地点526,食堂,2013/10/24 21:07:06,1.8,159.52
18378,POS消费,地点92,食堂,2013/10/25 07:02:09,1.9,157.62
18378,POS消费,地点21,开水,2013/10/25 07:03:04,0.5,157.12
18378,POS消费,地点179,食堂,2013/10/25 12:07:04,4.2,152.92
18378,POS消费,地点21,开水,2013/10/25 12:09:14,1.2,151.72
18378,POS消费,地点232,食堂,2013/10/25 17:10:15,5.5,146.22
18378,POS消费,地点91,校车,2013/10/26 16:54:21,6.0,140.22
18378,POS消费,地点83,食堂,2013/10/26 17:38:18,2.5,137.72
18378,POS消费,地点87,食堂,2013/10/27 11:49:09,4.2,133.52
18378,POS消费,地点21,开水,2013/10/27 17:36:50,1.2,132.32
18378,POS消费,地点21,开水,2013/10/27 17:38:52,5.0,127.32
18378,POS消费,地点83,食堂,2013/10/27 21:28:58,2.5,124.82
18378,POS消费,地点92,食堂,2013/10/28 07:00:39,1.6,123.22
18378,POS消费,地点21,开水,2013/10/28 07:01:24,0.8,122.42
18378,POS消费,地点103,食堂,2013/10/28 12:01:49,4.2,118.22
18378,POS消费,地点83,食堂,2013/10/28 12:19:22,2.5,115.72
18378,POS消费,地点203,食堂,2013/10/28 18:10:57,5.5,110.22
18378,POS消费,地点103,食堂,2013/10/29 06:57:08,1.6,108.62
18378,POS消费,地点21,开水,2013/10/29 07:02:25,0.7,107.92
18378,POS消费,地点235,食堂,2013/10/29 12:15:17,2.0,105.92
18378,POS消费,地点21,开水,2013/10/29 12:25:02,2.0,103.92
18378,POS消费,地点468,淋浴,2013/10/29 17:44:43,0.3,103.62
18378,POS消费,地点61,食堂,2013/10/29 17:51:51,4.2,99.42
18378,POS消费,地点92,食堂,2013/10/30 06:59:49,2.4,97.02
18378,POS消费,地点179,食堂,2013/10/30 12:11:24,4.2,92.82
18378,POS消费,地点21,开水,2013/10/30 12:13:55,1.2,91.62
18378,POS消费,地点103,食堂,2013/10/30 18:05:48,4.2,87.42
18378,POS消费,地点103,食堂,2013/10/31 06:58:34,2.4,85.02
18378,POS消费,地点179,食堂,2013/10/31 12:03:11,4.2,80.82
18378,POS消费,地点21,开水,2013/10/31 12:04:51,1.8,79.02
18378,,,,2013/10/31 14:39:19,5.0,0.0
18378,,,,2013/10/31 14:40:23,5.0,74.02
18378,POS消费,地点87,食堂,2013/10/31 17:06:32,4.2,69.82
18378,POS消费,地点103,食堂,2013/11/01 07:00:42,2.4,67.42
18378,POS消费,地点21,开水,2013/11/01 12:09:24,1.4,66.02
18378,POS消费,地点179,食堂,2013/11/01 12:12:55,4.0,62.02
18378,POS消费,地点83,食堂,2013/11/02 09:41:59,3.5,58.52
18378,POS消费,地点87,食堂,2013/11/02 12:08:22,4.2,54.32
18378,卡充值,,,2013/11/02 12:21:33,100.0,154.32
18378,POS消费,地点91,校车,2013/11/02 17:23:45,4.0,150.32
18378,POS消费,地点21,开水,2013/11/02 17:26:08,3.5,146.82
18378,POS消费,地点232,食堂,2013/11/02 17:29:38,3.0,143.82
18378,POS消费,地点195,超市,2013/11/02 19:07:21,15.1,128.72
18378,POS消费,地点468,淋浴,2013/11/02 19:54:48,0.3,128.42
18378,POS消费,地点1188,洗衣房,2013/11/02 20:23:41,3.6,124.82
18378,POS消费,地点1188,洗衣房,2013/11/02 21:11:01,-0.72,125.54
18378,POS消费,地点83,食堂,2013/11/03 09:29:00,2.5,123.04
18378,POS消费,地点91,校车,2013/11/03 12:04:09,6.0,117.04
18378,POS消费,地点87,食堂,2013/11/03 17:45:49,4.2,112.84
18378,POS消费,地点103,食堂,2013/11/04 06:54:17,1.6,111.24
18378,POS消费,地点21,开水,2013/11/04 06:59:02,0.8,110.44
18378,POS消费,地点239,食堂,2013/11/04 11:32:53,4.8,105.64
18378,POS消费,地点237,食堂,2013/11/04 11:36:08,1.0,104.64
18378,POS消费,地点179,食堂,2013/11/04 18:04:17,4.2,100.44
18378,POS消费,地点235,食堂,2013/11/04 18:09:06,1.8,98.64
18378,POS消费,地点92,食堂,2013/11/05 06:57:12,2.4,96.24
18378,POS消费,地点168,食堂,2013/11/05 11:54:44,6.5,89.74
18378,POS消费,地点168,食堂,2013/11/05 17:56:22,5.5,84.24
18378,POS消费,地点83,食堂,2013/11/05 18:16:53,2.5,81.74
18378,POS消费,地点103,食堂,2013/11/06 07:00:20,0.8,78.94
18378,POS消费,地点92,食堂,2013/11/06 07:00:25,2.0,79.74
18378,POS消费,地点21,开水,2013/11/06 12:12:15,1.5,71.54
18378,POS消费,地点91,校车,2013/11/06 12:17:55,5.9,73.04
18378,POS消费,地点179,食堂,2013/11/06 18:06:29,4.2,67.34
18378,POS消费,地点21,开水,2013/11/06 18:09:40,1.2,66.14
18378,POS消费,地点103,食堂,2013/11/07 06:56:41,1.6,64.54
18378,POS消费,地点134,食堂,2013/11/07 06:58:43,0.8,63.74
18378,POS消费,地点60,食堂,2013/11/07 12:09:57,4.2,59.54
18378,POS消费,地点464,淋浴,2013/11/07 14:09:32,0.2,59.34
18378,POS消费,地点1188,洗衣房,2013/11/07 14:25:25,3.6,55.74
18378,POS消费,地点1188,洗衣房,2013/11/07 15:15:21,-0.6,56.34
18378,POS消费,地点87,食堂,2013/11/07 17:34:10,4.2,52.14
18378,POS消费,地点103,食堂,2013/11/08 06:55:50,2.0,50.14
18378,POS消费,地点21,开水,2013/11/08 07:00:35,0.8,49.34
18378,POS消费,地点83,食堂,2013/11/08 08:13:30,2.2,47.14
18378,卡充值,,,2013/11/08 08:22:18,200.0,247.14
18378,POS消费,地点21,开水,2013/11/08 12:06:20,1.5,243.44
18378,POS消费,地点21,开水,2013/11/08 12:06:22,2.2,244.94
18378,POS消费,地点216,校车,2013/11/08 18:26:19,1.0,242.44
18378,POS消费,地点69,食堂,2013/11/09 07:29:21,1.63,240.81
18378,POS消费,地点83,食堂,2013/11/09 07:30:47,2.2,238.61
18378,POS消费,地点87,食堂,2013/11/09 11:44:49,4.2,234.41
18378,POS消费,地点211,校车,2013/11/09 18:24:04,1.0,233.41
18378,POS消费,地点168,食堂,2013/11/10 11:36:10,4.5,228.91
18378,POS消费,地点195,超市,2013/11/10 17:59:12,15.1,213.81
18378,POS消费,地点61,食堂,2013/11/11 06:53:56,2.0,211.81
18378,POS消费,地点157,食堂,2013/11/11 12:02:21,5.2,206.61
18378,POS消费,地点21,开水,2013/11/11 18:05:17,1.6,205.01
18378,POS消费,地点21,开水,2013/11/11 18:06:08,1.5,203.51
18378,POS消费,地点69,食堂,2013/11/12 06:56:46,1.6,201.91
18378,POS消费,地点60,食堂,2013/11/12 07:01:57,0.5,201.41
18378,POS消费,地点21,开水,2013/11/12 12:06:07,1.5,195.71
18378,POS消费,地点179,食堂,2013/11/12 12:06:21,4.2,197.21
18378,POS消费,地点21,开水,2013/11/12 17:42:41,1.5,189.81
18378,POS消费,地点60,食堂,2013/11/12 17:46:38,4.2,191.31
18378,POS消费,地点60,食堂,2013/11/13 06:58:09,0.5,189.31
18378,POS消费,地点83,食堂,2013/11/13 08:23:30,2.2,187.11
18378,POS消费,地点472,淋浴,2013/11/13 09:56:40,0.2,195.51
18378,POS消费,地点146,校车,2013/11/13 12:57:30,1.0,186.11
18378,POS消费,地点676,开水,2013/11/13 16:05:17,0.01,186.1
18378,POS消费,地点157,食堂,2013/11/13 18:14:23,5.2,180.9
18378,POS消费,地点78,其他,2013/11/13 18:14:23,0.01,180.89
18378,POS消费,地点78,其他,2013/11/13 18:14:23,0.01,180.88
18378,POS消费,地点148,开水,2013/11/13 19:25:09,0.01,180.87
18378,POS消费,地点21,开水,2013/11/14 06:59:17,1.6,179.27
18378,POS消费,地点65,食堂,2013/11/14 07:01:11,0.2,179.07
18378,POS消费,地点134,食堂,2013/11/14 12:02:36,4.0,173.37
18378,POS消费,地点235,食堂,2013/11/14 12:03:10,1.7,177.37
18378,POS消费,地点216,校车,2013/11/14 15:46:22,1.0,172.37
18378,POS消费,地点87,食堂,2013/11/14 17:05:07,4.2,168.17
18378,POS消费,地点69,食堂,2013/11/15 06:54:53,1.2,166.97
18378,POS消费,地点60,食堂,2013/11/15 07:01:00,0.5,166.47
18378,POS消费,地点21,开水,2013/11/15 12:11:43,7.2,159.27
18378,POS消费,地点216,校车,2013/11/15 18:13:04,1.0,158.27
18378,POS消费,地点83,食堂,2013/11/16 09:38:52,6.7,151.57
18378,POS消费,地点21,开水,2013/11/16 11:35:35,3.2,148.37
18378,POS消费,地点83,食堂,2013/11/17 08:48:12,2.2,146.17
18378,POS消费,地点837,校车,2013/11/17 13:36:28,1.0,145.17
18378,POS消费,地点815,开水,2013/11/17 15:25:29,0.01,145.16
18378,POS消费,地点60,食堂,2013/11/17 17:24:39,4.2,140.96
18378,POS消费,地点61,食堂,2013/11/18 06:58:24,2.1,138.66
18378,POS消费,地点60,食堂,2013/11/18 11:59:21,4.2,134.46
18378,POS消费,地点464,淋浴,2013/11/18 16:02:11,0.2,140.76
18378,POS消费,地点157,食堂,2013/11/18 18:08:26,5.2,129.26
18378,POS消费,地点526,食堂,2013/11/18 21:01:27,2.2,127.06
18378,POS消费,地点103,食堂,2013/11/19 06:56:53,2.4,124.66
18378,POS消费,地点21,开水,2013/11/19 12:04:54,1.5,118.96
18378,POS消费,地点179,食堂,2013/11/19 12:05:31,4.2,120.46
18378,POS消费,地点87,食堂,2013/11/19 17:15:58,4.2,114.76
18378,POS消费,地点1198,洗衣房,2013/11/19 21:09:25,3.6,111.16
18378,POS消费,地点1198,洗衣房,2013/11/19 21:57:31,-0.72,111.88
18378,POS消费,地点103,食堂,2013/11/20 06:55:24,1.3,110.58
18378,POS消费,地点21,开水,2013/11/20 06:59:57,0.8,109.78
18378,POS消费,地点91,校车,2013/11/20 12:04:12,6.0,103.78
18378,POS消费,地点92,食堂,2013/11/20 18:13:18,3.7,100.08
18378,POS消费,地点103,食堂,2013/11/21 06:56:28,2.6,97.48
18378,POS消费,地点26,图书馆,2013/11/21 10:39:16,16.1,81.38
18378,POS消费,地点157,食堂,2013/11/21 11:57:45,5.2,76.18
18378,POS消费,地点253,食堂,2013/11/21 17:55:03,3.2,72.98
18378,POS消费,地点237,食堂,2013/11/21 17:58:56,1.0,71.98
18378,POS消费,地点134,食堂,2013/11/22 06:59:40,0.8,70.68
18378,POS消费,地点92,食堂,2013/11/22 07:01:40,0.5,71.48
18378,POS消费,地点21,开水,2013/11/22 12:09:38,2.0,68.68
18378,POS消费,地点21,开水,2013/11/22 12:22:59,2.5,66.18
18378,POS消费,地点72,食堂,2013/11/22 17:42:23,4.2,61.98
18378,POS消费,地点83,食堂,2013/11/22 17:54:44,2.2,59.78
18378,POS消费,地点103,食堂,2013/11/23 09:12:45,0.8,58.98
18378,POS消费,地点239,食堂,2013/11/23 11:05:27,4.3,54.68
18378,POS消费,地点21,开水,2013/11/23 11:08:15,1.2,53.48
18378,POS消费,地点1198,洗衣房,2013/11/23 13:41:33,3.6,49.88
18378,POS消费,地点1198,洗衣房,2013/11/23 14:25:18,-0.96,50.84
18378,POS消费,地点251,食堂,2013/11/23 17:00:25,5.0,44.64
18378,POS消费,地点237,食堂,2013/11/23 17:02:20,1.2,49.64
18378,POS消费,地点26,图书馆,2013/11/23 17:24:03,8.9,35.74
18378,POS消费,地点423,开水,2013/11/23 21:43:52,0.07,35.67
18378,POS消费,地点83,食堂,2013/11/24 09:22:00,2.2,33.47
18378,卡充值,,,2013/11/24 11:22:47,200.0,228.37
18378,POS消费,地点239,食堂,2013/11/24 11:24:59,3.5,28.37
18378,POS消费,地点21,开水,2013/11/24 11:26:19,1.6,31.87
18378,POS消费,地点60,食堂,2013/11/24 17:54:36,4.2,224.17
18378,POS消费,地点103,食堂,2013/11/25 06:57:01,2.4,221.77
18378,POS消费,地点972,食堂,2013/11/25 12:12:43,5.2,216.57
18378,POS消费,地点21,开水,2013/11/25 18:04:53,4.7,211.87
18378,POS消费,地点526,食堂,2013/11/25 21:08:26,2.5,209.37
18378,POS消费,地点103,食堂,2013/11/26 06:56:04,2.0,207.37
18378,POS消费,地点157,食堂,2013/11/26 06:59:04,0.8,206.57
18378,POS消费,地点21,开水,2013/11/26 12:10:07,3.2,203.37
18378,POS消费,地点21,开水,2013/11/26 12:23:26,2.5,200.87
18378,POS消费,地点253,食堂,2013/11/26 17:42:16,4.4,196.47
18378,POS消费,地点251,食堂,2013/11/26 17:42:58,1.5,194.97
18378,POS消费,地点92,食堂,2013/11/27 06:59:26,2.3,192.67
18378,POS消费,地点21,开水,2013/11/27 12:16:03,1.5,187.97
18378,POS消费,地点61,食堂,2013/11/27 12:16:35,3.2,189.47
18378,POS消费,地点21,开水,2013/11/27 18:06:17,1.7,186.27
18378,POS消费,地点21,开水,2013/11/27 18:06:45,1.2,185.07
18378,POS消费,地点103,食堂,2013/11/28 06:53:31,2.3,182.77
18378,POS消费,地点82,食堂,2013/11/28 11:28:02,5.5,177.27
18378,POS消费,地点253,食堂,2013/11/28 11:28:55,4.4,172.87
18378,POS消费,地点470,淋浴,2013/11/28 12:25:23,0.3,172.57
18378,POS消费,地点21,开水,2013/11/28 17:37:25,1.6,170.97
18378,POS消费,地点184,食堂,2013/11/28 17:38:20,2.5,168.47
18378,POS消费,地点92,食堂,2013/11/29 06:59:31,2.6,165.87
18378,POS消费,地点195,超市,2013/11/29 08:38:09,5.6,160.27
18378,POS消费,地点235,食堂,2013/11/29 12:06:22,1.7,158.57
18378,POS消费,地点21,开水,2013/11/29 12:06:56,2.5,156.07
18378,POS消费,地点837,校车,2013/11/29 18:27:29,1.0,155.07
18378,POS消费,地点83,食堂,2013/11/30 09:12:57,3.0,152.07
18378,POS消费,地点91,校车,2013/11/30 11:21:51,13.1,138.97
18378,POS消费,地点222,校车,2013/11/30 13:42:00,1.0,137.97
18378,POS消费,地点1447,校车,2013/11/30 18:00:53,1.0,136.97
18378,POS消费,地点91,校车,2013/12/01 11:06:34,9.1,127.87
18378,POS消费,地点60,食堂,2013/12/01 18:04:52,4.2,123.67
18378,POS消费,地点92,食堂,2013/12/02 06:56:30,3.0,120.67
18378,POS消费,地点83,食堂,2013/12/02 10:20:39,1.5,119.17
18378,POS消费,地点103,食堂,2013/12/02 18:06:53,4.2,114.97
18378,POS消费,地点92,食堂,2013/12/03 06:57:22,1.6,113.37
18378,POS消费,地点134,食堂,2013/12/03 06:57:53,0.8,112.57
18378,POS消费,地点91,校车,2013/12/03 11:52:06,6.0,106.57
18378,POS消费,地点253,食堂,2013/12/03 17:36:31,5.0,101.57
18378,POS消费,地点260,食堂,2013/12/03 17:37:21,1.0,100.57
18378,POS消费,地点526,食堂,2013/12/03 18:04:25,1.5,99.07
18378,POS消费,地点92,食堂,2013/12/04 06:55:05,1.8,97.27
18378,POS消费,地点21,开水,2013/12/04 06:55:23,0.5,96.77
18378,POS消费,地点21,开水,2013/12/04 06:55:56,0.3,96.47
18378,POS消费,地点103,食堂,2013/12/04 12:11:53,4.2,92.27
18378,POS消费,地点21,开水,2013/12/04 18:06:33,1.7,90.57
18378,POS消费,地点21,开水,2013/12/04 18:07:54,2.0,88.57
18378,POS消费,地点83,食堂,2013/12/04 18:39:13,1.5,87.07
18378,POS消费,地点92,食堂,2013/12/05 06:56:55,1.95,85.12
18378,POS消费,地点21,开水,2013/12/05 06:57:39,0.3,84.82
18378,POS消费,地点91,校车,2013/12/05 10:53:45,7.1,77.72
18378,POS消费,地点222,校车,2013/12/05 12:48:03,1.0,76.72
18378,POS消费,地点1451,校车,2013/12/05 16:17:04,1.0,75.72
18378,POS消费,地点253,食堂,2013/12/05 16:58:40,3.3,72.42
18378,POS消费,地点70,食堂,2013/12/05 17:01:13,2.0,70.42
18378,POS消费,地点118,食堂,2013/12/05 21:42:27,1.5,68.92
18378,POS消费,地点92,食堂,2013/12/06 06:55:22,1.15,67.77
18378,POS消费,地点103,食堂,2013/12/06 06:55:46,0.8,66.97
18378,POS消费,地点21,开水,2013/12/06 06:56:20,0.3,66.67
18378,POS消费,地点470,淋浴,2013/12/07 07:10:56,0.3,66.37
18378,POS消费,地点118,食堂,2013/12/07 10:38:31,1.5,64.87
18378,POS消费,地点146,校车,2013/12/07 10:52:24,1.0,63.87
18378,POS消费,地点816,校车,2013/12/07 14:02:54,1.0,62.87
18378,POS消费,地点1198,洗衣房,2013/12/07 14:56:15,3.6,59.27
18378,POS消费,地点195,超市,2013/12/07 18:02:30,6.4,52.87
18378,POS消费,地点91,校车,2013/12/08 11:03:52,6.0,46.87
18378,POS消费,地点21,开水,2013/12/08 11:08:22,3.0,43.87
18378,POS消费,地点21,开水,2013/12/08 17:13:37,1.6,42.27
18378,POS消费,地点239,食堂,2013/12/08 17:14:16,3.7,38.57
18378,POS消费,地点526,食堂,2013/12/08 21:24:52,1.5,37.07
18378,POS消费,地点60,食堂,2013/12/09 07:00:11,0.5,36.57
18378,POS消费,地点61,食堂,2013/12/09 07:00:31,1.4,35.17
18378,卡充值,,,2013/12/09 11:08:26,200.0,235.17
18378,POS消费,地点243,食堂,2013/12/09 11:19:16,1.8,233.37
18378,POS消费,地点103,食堂,2013/12/09 18:07:34,4.2,229.17
18378,POS消费,地点996,图书馆,2013/12/09 18:50:30,3.9,225.27
18378,POS消费,地点83,食堂,2013/12/10 06:54:45,2.2,223.07
18378,POS消费,地点60,食堂,2013/12/10 06:56:58,0.5,222.57
18378,POS消费,地点253,食堂,2013/12/10 12:14:33,3.4,219.17
18378,POS消费,地点260,食堂,2013/12/10 12:15:58,1.0,218.17
18378,POS消费,地点230,食堂,2013/12/10 16:56:36,5.0,213.17
18378,POS消费,地点92,食堂,2013/12/11 06:56:45,1.15,212.02
18378,POS消费,地点134,食堂,2013/12/11 06:57:02,0.8,211.22
18378,POS消费,地点230,食堂,2013/12/11 12:22:25,5.0,206.22
18378,POS消费,地点235,食堂,2013/12/11 18:06:33,1.7,204.52
18378,POS消费,地点21,开水,2013/12/11 18:08:06,2.5,202.02
18378,POS消费,地点92,食堂,2013/12/12 06:56:31,1.95,200.07
18378,POS消费,地点134,食堂,2013/12/12 06:57:15,0.3,199.77
18378,POS消费,地点227,食堂,2013/12/12 17:11:27,3.5,196.27
18378,POS消费,地点65,食堂,2013/12/12 17:18:56,0.4,195.87
18378,POS消费,地点92,食堂,2013/12/13 06:59:24,2.4,193.47
18378,POS消费,地点103,食堂,2013/12/13 12:08:28,4.2,189.27
18378,POS消费,地点195,超市,2013/12/13 16:25:17,21.1,168.17
18378,POS消费,地点69,食堂,2013/12/14 07:36:31,1.63,166.54
18378,POS消费,地点83,食堂,2013/12/14 07:38:36,1.5,165.04
18378,POS消费,地点1198,洗衣房,2013/12/15 13:02:07,3.6,161.44
18378,POS消费,地点1198,洗衣房,2013/12/15 13:03:24,-0.3,161.74
18378,POS消费,地点72,食堂,2013/12/15 17:11:41,5.4,156.34
18378,POS消费,地点83,食堂,2013/12/15 21:21:19,1.5,154.84
18378,POS消费,地点103,食堂,2013/12/16 06:58:15,2.4,152.44
18378,POS消费,地点230,食堂,2013/12/16 11:13:22,5.0,147.44
18378,POS消费,地点91,校车,2013/12/16 18:06:10,3.7,143.74
18378,POS消费,地点92,食堂,2013/12/17 06:59:53,2.2,141.54
18378,POS消费,地点21,开水,2013/12/17 12:04:12,1.7,139.84
18378,POS消费,地点21,开水,2013/12/17 12:04:42,2.5,137.34
18378,POS消费,地点118,食堂,2013/12/17 17:06:18,1.5,135.84
18378,POS消费,地点829,图书馆,2013/12/17 20:13:13,5.0,130.84
18378,POS消费,地点92,食堂,2013/12/18 06:59:29,2.4,128.44
18378,POS消费,地点230,食堂,2013/12/18 12:18:26,5.0,123.44
18378,POS消费,地点118,食堂,2013/12/18 14:07:04,3.7,119.74
18378,POS消费,地点92,食堂,2013/12/19 06:59:31,1.3,118.44
18378,POS消费,地点260,食堂,2013/12/19 11:12:04,1.2,117.24
18378,POS消费,地点251,食堂,2013/12/19 11:12:05,5.0,112.24
18378,POS消费,地点230,食堂,2013/12/19 16:51:15,5.0,107.24
18378,POS消费,地点83,食堂,2013/12/19 21:22:51,1.5,105.74
18378,POS消费,地点69,食堂,2013/12/20 06:56:57,1.4,104.34
18378,POS消费,地点60,食堂,2013/12/20 06:59:43,0.3,104.04
18378,POS消费,地点21,开水,2013/12/20 12:06:42,2.0,102.04
18378,POS消费,地点21,开水,2013/12/20 12:07:05,2.5,99.54
18378,POS消费,地点1447,校车,2013/12/20 17:53:42,1.0,98.54
18378,POS消费,地点470,淋浴,2013/12/20 23:02:14,0.6,97.94
18378,POS消费,地点83,食堂,2013/12/21 09:41:38,2.2,95.74
18378,POS消费,地点26,图书馆,2013/12/21 11:35:26,30.0,65.74
18378,POS消费,地点26,图书馆,2013/12/21 11:35:30,3.7,62.04
18378,POS消费,地点26,图书馆,2013/12/21 11:35:45,28.9,33.14
18378,POS消费,地点230,食堂,2013/12/21 12:01:12,5.0,28.14
18378,POS消费,地点230,食堂,2013/12/21 12:01:18,5.0,23.14
18378,POS消费,地点1188,洗衣房,2013/12/21 12:50:40,3.6,19.54
18378,POS消费,地点1188,洗衣房,2013/12/21 13:45:29,-0.3,19.84
18378,,,,2013/12/21 21:28:20,5.0,14.84
18378,卡充值,,,2013/12/22 11:40:40,200.0,210.44
18378,POS消费,地点21,开水,2013/12/22 11:44:53,1.6,13.24
18378,POS消费,地点253,食堂,2013/12/22 11:45:08,2.8,10.44
18378,POS消费,地点91,校车,2013/12/22 17:51:43,9.6,200.84
18378,POS消费,地点21,开水,2013/12/22 18:00:35,3.0,197.84
18378,POS消费,地点92,食堂,2013/12/23 07:46:50,2.0,195.84
18378,POS消费,地点103,食堂,2013/12/23 07:47:25,0.8,195.04
18378,POS消费,地点91,校车,2013/12/23 18:09:04,3.7,191.34
18378,POS消费,地点103,食堂,2013/12/24 07:59:12,2.0,189.34
18378,POS消费,地点249,食堂,2013/12/24 12:06:01,5.2,184.14
18378,POS消费,地点83,食堂,2013/12/25 08:41:52,4.0,180.14
18378,POS消费,地点82,食堂,2013/12/25 11:54:46,3.7,176.44
18378,POS消费,地点237,食堂,2013/12/25 11:57:33,1.0,175.44
18378,POS消费,地点103,食堂,2013/12/25 18:08:10,4.2,171.24
18378,POS消费,地点103,食堂,2013/12/26 07:59:56,2.0,169.24
18378,POS消费,地点26,图书馆,2013/12/26 11:05:51,8.0,161.24
18378,POS消费,地点87,食堂,2013/12/26 17:23:17,4.2,157.04
18378,POS消费,地点423,开水,2013/12/26 21:01:01,0.04,157.0
18378,POS消费,地点83,食堂,2013/12/27 08:59:34,2.5,154.5
18378,POS消费,地点21,开水,2013/12/27 12:05:53,2.5,150.3
18378,POS消费,地点21,开水,2013/12/27 12:06:10,1.7,152.8
18378,POS消费,地点230,食堂,2013/12/27 17:13:04,5.0,145.3
18378,POS消费,地点83,食堂,2013/12/27 19:32:07,4.0,141.3
18378,POS消费,地点468,淋浴,2013/12/27 22:47:39,0.3,141.0
18378,POS消费,地点21,开水,2013/12/28 11:16:51,5.2,135.8
18378,POS消费,地点195,超市,2013/12/28 11:42:28,5.5,130.3
18378,POS消费,地点1188,洗衣房,2013/12/28 12:42:00,3.6,126.7
18378,POS消费,地点1188,洗衣房,2013/12/28 13:35:42,-0.36,127.06
18378,POS消费,地点1447,校车,2013/12/28 18:50:51,1.0,126.06
18378,POS消费,地点118,食堂,2013/12/28 18:59:19,1.5,124.56
18378,POS消费,地点423,开水,2013/12/29 08:58:01,0.01,124.55
18378,POS消费,地点61,食堂,2013/12/29 11:30:46,4.2,120.35
18378,POS消费,地点83,食堂,2013/12/29 19:15:18,2.5,117.85
18378,POS消费,地点134,食堂,2013/12/30 08:01:11,0.8,115.85
18378,POS消费,地点92,食堂,2013/12/30 08:01:14,1.2,116.65
18378,POS消费,地点60,食堂,2013/12/30 11:58:14,4.2,111.65
18378,POS消费,地点230,食堂,2013/12/30 17:20:22,5.0,106.65
18378,POS消费,地点103,食堂,2013/12/31 08:02:14,2.0,104.65
18378,POS消费,地点157,食堂,2013/12/31 12:02:35,5.2,99.45
18378,POS消费,地点83,食堂,2013/12/31 21:26:12,3.0,96.45
18378,POS消费,地点1447,校车,2014/01/01 20:03:31,1.0,95.45
18378,POS消费,地点526,食堂,2014/01/01 20:07:58,1.5,93.95
18378,POS消费,地点230,食堂,2014/01/02 11:05:56,5.0,88.95
18378,POS消费,地点228,食堂,2014/01/02 16:51:22,6.0,82.95
18378,POS消费,地点231,食堂,2014/01/02 16:53:22,0.4,82.55
18378,POS消费,地点829,图书馆,2014/01/02 17:16:55,5.0,77.55
18378,POS消费,地点103,食堂,2014/01/03 08:46:48,2.03,75.52
18378,POS消费,地点21,开水,2014/01/03 12:02:16,1.7,73.82
18378,POS消费,地点21,开水,2014/01/03 12:02:56,2.5,71.32
18378,POS消费,地点230,食堂,2014/01/03 17:00:59,5.0,66.32
18378,POS消费,地点83,食堂,2014/01/03 17:35:11,1.5,64.82
18378,POS消费,地点470,淋浴,2014/01/03 22:28:32,0.3,64.52
18378,POS消费,地点228,食堂,2014/01/04 11:06:50,6.0,58.52
18378,POS消费,地点231,食堂,2014/01/04 11:08:41,0.4,58.12
18378,POS消费,地点195,超市,2014/01/04 11:30:48,16.9,41.22
18378,POS消费,地点1184,洗衣房,2014/01/04 12:07:01,3.6,37.62
18378,POS消费,地点1184,洗衣房,2014/01/04 13:01:17,-0.36,37.98
18378,POS消费,地点228,食堂,2014/01/04 16:53:05,4.0,33.98
18378,POS消费,地点231,食堂,2014/01/04 16:55:22,0.4,33.58
18378,卡充值,,,2014/01/04 17:04:32,100.0,133.58
18378,POS消费,地点103,食堂,2014/01/05 08:37:30,2.03,131.55
18378,POS消费,地点92,食堂,2014/01/06 07:23:42,2.03,129.52
18378,POS消费,地点188,超市,2014/01/06 18:12:38,4.4,125.12
18378,POS消费,地点92,食堂,2014/01/07 08:35:49,1.63,123.49
18378,POS消费,地点92,食堂,2014/01/08 08:30:46,2.03,121.46
18378,POS消费,地点228,食堂,2014/01/08 11:03:57,5.0,116.46
18378,POS消费,地点231,食堂,2014/01/08 11:06:27,0.4,116.06
18378,POS消费,地点230,食堂,2014/01/08 16:45:42,5.0,111.06
18378,POS消费,地点92,食堂,2014/01/09 08:37:35,2.23,108.83
18378,POS消费,地点228,食堂,2014/01/09 11:01:09,6.0,102.83
18378,POS消费,地点231,食堂,2014/01/09 11:02:41,0.4,102.43
18378,POS消费,地点92,食堂,2014/01/10 07:37:59,2.03,100.4
18378,POS消费,地点21,开水,2014/01/10 11:45:14,4.2,96.2
18378,POS消费,地点21,开水,2014/01/10 15:10:32,5.3,90.9
18378,POS消费,地点526,食堂,2014/01/10 15:20:00,1.5,88.8
18378,POS消费,地点213,食堂,2014/01/10 15:22:41,0.6,90.3
18378,POS消费,地点423,开水,2014/01/10 16:42:12,0.06,88.74
18378,POS消费,地点83,食堂,2014/01/11 11:48:44,2.5,86.24
18378,POS消费,地点91,校车,2014/01/11 16:42:33,9.1,77.14
18378,POS消费,地点467,淋浴,2014/01/11 22:26:04,0.2,76.94
18378,POS消费,地点423,开水,2014/01/11 22:43:56,0.07,76.87
18378,POS消费,地点1188,洗衣房,2014/01/12 09:59:10,3.6,73.27
18378,POS消费,地点1188,洗衣房,2014/01/12 10:48:40,-0.66,73.93
18378,POS消费,地点228,食堂,2014/01/12 11:05:36,6.5,67.43
18378,POS消费,地点231,食堂,2014/01/12 11:08:29,0.4,67.03
18378,POS消费,地点230,食堂,2014/01/12 16:50:10,5.0,62.03
18378,POS消费,地点423,开水,2014/01/12 21:59:22,0.06,61.97
18378,POS消费,地点92,食堂,2014/01/13 07:27:58,2.03,59.94
18378,POS消费,地点89,食堂,2014/01/13 16:51:53,4.0,55.94
18378,POS消费,地点423,开水,2014/01/13 20:32:35,0.06,55.88
18378,POS消费,地点92,食堂,2014/01/14 07:23:54,2.03,53.85
18378,卡充值,,,2014/01/14 11:10:57,100.0,153.85
18378,POS消费,地点423,开水,2014/01/14 11:57:18,0.05,153.8
18378,POS消费,地点26,图书馆,2014/01/14 17:20:38,3.7,150.1
18378,POS消费,地点423,开水,2014/01/15 07:57:04,0.07,150.03
18378,POS消费,地点83,食堂,2014/01/15 08:27:04,1.5,148.53
18378,POS消费,地点87,食堂,2014/01/15 12:43:22,4.0,144.53
18378,POS消费,地点72,食堂,2014/01/15 12:45:55,0.4,144.13
18378,POS消费,地点228,食堂,2014/01/15 17:05:31,6.0,138.13
18378,POS消费,地点231,食堂,2014/01/15 17:07:03,0.2,137.93
18378,POS消费,地点83,食堂,2014/01/16 08:15:20,1.5,136.43
18378,POS消费,地点423,开水,2014/01/16 08:34:22,0.07,136.36
18378,POS消费,地点26,图书馆,2014/01/16 13:22:14,1.6,134.76
18378,POS消费,地点26,图书馆,2014/01/16 13:22:21,25.0,109.76
18378,POS消费,地点26,图书馆,2014/01/16 13:22:38,0.3,109.46
18378,POS消费,地点83,食堂,2014/01/16 16:57:58,14.0,95.46
18378,POS消费,地点195,超市,2014/02/20 20:45:12,25.5,69.96
18378,POS消费,地点423,开水,2014/02/20 20:45:31,0.07,69.89
18378,POS消费,地点423,开水,2014/02/21 09:24:40,0.05,69.84
18378,POS消费,地点816,校车,2014/02/21 16:56:39,1.0,68.84
18378,POS消费,地点1448,校车,2014/02/21 18:55:07,1.0,67.84
18378,POS消费,地点423,开水,2014/02/21 19:40:45,0.05,67.79
18378,POS消费,地点423,开水,2014/02/22 20:04:15,0.07,67.72
18378,POS消费,地点83,食堂,2014/02/23 16:47:15,1.5,66.22
18378,卡充值,,,2014/02/23 17:00:51,100.0,166.22
18378,POS消费,地点423,开水,2014/02/23 18:15:26,0.06,166.16
18378,POS消费,地点92,食堂,2014/02/24 06:59:55,0.6,165.56
18378,POS消费,地点21,开水,2014/02/24 06:59:59,1.1,164.46
18378,POS消费,地点235,食堂,2014/02/24 12:03:08,1.7,162.76
18378,POS消费,地点21,开水,2014/02/24 12:03:08,1.0,161.76
18378,POS消费,地点60,食堂,2014/02/24 18:12:47,4.2,157.56
18378,POS消费,地点423,开水,2014/02/24 21:31:34,0.01,157.55
18378,POS消费,地点423,开水,2014/02/24 22:20:53,0.01,157.54
18378,POS消费,地点92,食堂,2014/02/25 07:01:19,1.4,156.14
18378,POS消费,地点21,开水,2014/02/25 07:01:49,0.3,155.84
18378,POS消费,地点230,食堂,2014/02/25 11:04:53,5.0,150.84
18378,POS消费,地点423,开水,2014/02/25 11:18:09,0.07,150.77
18378,POS消费,地点21,开水,2014/02/25 18:07:08,1.0,145.57
18378,POS消费,地点179,食堂,2014/02/25 18:07:45,4.2,146.57
18378,POS消费,地点83,食堂,2014/02/25 22:05:53,1.5,144.07
18378,POS消费,地点423,开水,2014/02/25 22:37:00,0.01,144.06
18378,POS消费,地点92,食堂,2014/02/26 07:00:18,1.4,142.66
18378,POS消费,地点21,开水,2014/02/26 07:00:32,0.3,142.36
18378,POS消费,地点472,淋浴,2014/02/26 08:40:20,0.3,142.06
18378,POS消费,地点1184,洗衣房,2014/02/26 10:43:52,3.6,138.46
18378,POS消费,地点1184,洗衣房,2014/02/26 11:33:22,-0.06,138.52
18378,POS消费,地点253,食堂,2014/02/26 11:56:10,4.8,133.72
18378,POS消费,地点260,食堂,2014/02/26 11:58:09,1.0,132.72
18378,POS消费,地点92,食堂,2014/02/26 18:03:48,3.7,129.02
18378,POS消费,地点21,开水,2014/02/26 18:05:17,1.5,127.52
18378,POS消费,地点83,食堂,2014/02/26 21:23:27,1.5,126.02
18378,POS消费,地点92,食堂,2014/02/27 06:58:19,1.6,124.42
18378,POS消费,地点21,开水,2014/02/27 06:58:24,0.8,123.62
18378,POS消费,地点21,开水,2014/02/27 12:14:01,2.2,121.42
18378,POS消费,地点21,开水,2014/02/27 12:14:15,2.5,118.92
18378,POS消费,地点230,食堂,2014/02/27 17:14:08,5.0,113.92
18378,POS消费,地点996,图书馆,2014/02/27 18:12:09,3.9,110.02
18378,POS消费,地点423,开水,2014/02/27 21:15:50,0.01,110.01
18378,POS消费,地点92,食堂,2014/02/28 07:03:53,1.3,108.71
18378,换卡,,,2014/02/28 10:11:18,0.0,0.0
18378,POS消费,地点228,食堂,2014/02/28 18:24:05,5.0,103.71
18378,POS消费,地点72,食堂,2014/02/28 18:27:01,0.4,103.31
18378,POS消费,地点423,开水,2014/02/28 18:55:44,0.07,103.24
18378,POS消费,地点83,食堂,2014/02/28 20:09:43,3.0,100.24
18378,POS消费,地点230,食堂,2014/03/01 11:37:16,5.0,95.24
18378,POS消费,地点423,开水,2014/03/01 15:26:07,0.07,95.17
18378,POS消费,地点228,食堂,2014/03/01 17:05:24,5.0,90.17
18378,POS消费,地点231,食堂,2014/03/01 17:07:19,0.4,89.77
18378,POS消费,地点83,食堂,2014/03/01 17:30:22,1.5,88.27
18378,POS消费,地点423,开水,2014/03/02 09:22:39,0.06,88.21
18378,POS消费,地点21,开水,2014/03/02 17:24:27,5.6,82.61
18378,POS消费,地点83,食堂,2014/03/02 21:18:25,1.5,81.11
18378,POS消费,地点92,食堂,2014/03/03 07:03:04,2.0,79.11
18378,POS消费,地点21,开水,2014/03/03 12:02:26,1.2,75.91
18378,POS消费,地点21,开水,2014/03/03 12:04:38,2.0,77.11
18378,POS消费,地点423,开水,2014/03/03 12:19:26,0.01,75.9
18378,POS消费,地点249,食堂,2014/03/03 18:11:48,5.2,70.7
18378,POS消费,地点83,食堂,2014/03/03 21:22:59,1.5,69.2
18378,POS消费,地点92,食堂,2014/03/04 07:04:01,2.0,67.2
18378,POS消费,地点423,开水,2014/03/04 10:44:18,0.01,67.19
18378,POS消费,地点264,食堂,2014/03/04 18:10:45,5.2,61.99
18378,POS消费,地点423,开水,2014/03/04 22:18:05,0.01,61.98
18378,POS消费,地点92,食堂,2014/03/05 07:03:52,1.3,60.68
18378,POS消费,地点472,淋浴,2014/03/05 08:21:31,0.3,60.38
18378,POS消费,地点1194,洗衣房,2014/03/05 09:25:23,3.6,56.78
18378,POS消费,地点1194,洗衣房,2014/03/05 10:14:50,-1.02,57.8
18378,POS消费,地点1545,食堂,2014/03/05 11:10:05,5.2,52.6
18378,POS消费,地点326,洗衣房,2014/03/05 11:34:38,3.0,49.6
18378,POS消费,地点264,食堂,2014/03/05 18:03:20,5.4,44.2
18378,POS消费,地点423,开水,2014/03/05 20:56:19,0.01,42.69
18378,POS消费,地点118,食堂,2014/03/05 20:58:20,1.5,42.7
18378,POS消费,地点103,食堂,2014/03/06 07:01:19,2.2,40.49
18378,POS消费,地点92,食堂,2014/03/06 07:02:33,0.8,39.69
18378,POS消费,地点146,校车,2014/03/06 15:42:07,1.0,38.69
18378,卡充值,,,2014/03/06 17:14:16,100.0,132.69
18378,POS消费,地点21,开水,2014/03/06 17:21:26,1.6,37.09
18378,POS消费,地点253,食堂,2014/03/06 17:21:30,4.4,32.69
18378,POS消费,地点423,开水,2014/03/06 21:51:21,0.01,132.68
18378,POS消费,地点92,食堂,2014/03/07 07:01:52,1.3,131.38
18378,POS消费,地点1409,食堂,2014/03/07 12:12:04,4.2,127.18
18378,POS消费,地点21,开水,2014/03/07 12:12:54,2.5,124.68
18378,POS消费,地点91,校车,2014/03/07 17:45:22,4.0,120.68
18378,POS消费,地点83,食堂,2014/03/07 18:31:01,2.5,118.18
18378,POS消费,地点423,开水,2014/03/08 09:52:02,0.01,118.17
18378,POS消费,地点91,校车,2014/03/08 17:08:23,4.0,114.17
18378,POS消费,地点83,食堂,2014/03/08 21:24:35,1.5,112.67
18378,POS消费,地点326,洗衣房,2014/03/08 21:27:25,3.0,109.67
18378,POS消费,地点362,开水,2014/03/09 08:58:01,0.08,109.59
18378,POS消费,地点26,图书馆,2014/03/09 13:03:05,11.9,97.69
18378,POS消费,地点103,食堂,2014/03/10 07:04:21,1.3,96.39
18378,POS消费,地点249,食堂,2014/03/10 12:06:29,5.2,91.19
18378,POS消费,地点326,洗衣房,2014/03/10 12:21:20,3.0,88.19
18378,POS消费,地点21,开水,2014/03/10 18:09:14,1.4,86.79
18378,POS消费,地点21,开水,2014/03/10 18:09:54,0.5,86.29
18378,POS消费,地点21,开水,2014/03/10 18:12:52,1.8,84.49
18378,POS消费,地点829,图书馆,2014/03/10 18:53:31,5.0,79.49
18378,POS消费,地点440,开水,2014/03/10 21:02:08,0.09,79.4
18378,POS消费,地点91,校车,2014/03/11 07:03:36,1.9,77.5
18378,POS消费,地点230,食堂,2014/03/11 11:19:34,5.0,72.5
18378,卡充值,,,2014/03/11 11:22:15,100.0,172.5
18378,POS消费,地点179,食堂,2014/03/11 18:06:35,4.2,168.3
18378,POS消费,地点21,开水,2014/03/11 18:07:03,1.5,166.8
18378,POS消费,地点103,食堂,2014/03/12 07:01:16,1.3,165.5
18378,POS消费,地点1188,洗衣房,2014/03/12 08:48:06,3.6,161.9
18378,POS消费,地点472,淋浴,2014/03/12 09:02:05,0.3,161.6
18378,POS消费,地点1188,洗衣房,2014/03/12 09:37:10,-0.6,162.2
18378,POS消费,地点157,食堂,2014/03/12 18:04:23,5.4,156.8
18378,POS消费,地点326,洗衣房,2014/03/12 18:19:26,3.0,153.8
18378,POS消费,地点103,食堂,2014/03/13 07:00:33,2.2,151.6
18378,POS消费,地点65,食堂,2014/03/13 18:04:08,4.2,147.4
18378,POS消费,地点243,食堂,2014/03/13 18:16:15,1.8,145.6
18378,POS消费,地点92,食堂,2014/03/14 07:03:10,2.2,143.4
18378,POS消费,地点21,开水,2014/03/14 12:10:58,1.7,141.7
18378,POS消费,地点236,食堂,2014/03/14 12:13:20,3.7,138.0
18378,POS消费,地点146,校车,2014/03/14 16:31:29,1.0,137.0
18378,POS消费,地点1451,校车,2014/03/14 18:28:56,1.0,136.0
18378,POS消费,地点118,食堂,2014/03/14 18:30:01,2.5,133.5
18378,POS消费,地点83,食堂,2014/03/15 20:06:47,1.5,132.0
18378,POS消费,地点230,食堂,2014/03/16 17:17:24,10.0,122.0
18378,POS消费,地点92,食堂,2014/03/17 07:03:15,2.1,119.9
18378,POS消费,地点21,开水,2014/03/17 12:05:44,1.7,118.2
18378,POS消费,地点236,食堂,2014/03/17 12:07:53,3.6,114.6
18378,POS消费,地点21,开水,2014/03/17 12:20:24,3.0,111.6
18378,POS消费,地点213,食堂,2014/03/17 13:19:35,1.2,110.4
18378,POS消费,地点179,食堂,2014/03/17 18:10:38,4.2,106.2
18378,POS消费,地点21,开水,2014/03/17 18:12:04,1.0,105.2
18378,POS消费,地点103,食堂,2014/03/18 07:03:33,1.3,103.9
18378,POS消费,地点1188,洗衣房,2014/03/18 12:16:55,3.6,100.3
18378,POS消费,地点472,淋浴,2014/03/18 12:30:29,0.3,100.0
18378,POS消费,地点1188,洗衣房,2014/03/18 13:00:30,-0.9,100.9
18378,POS消费,地点21,开水,2014/03/18 18:09:13,4.2,96.7
18378,POS消费,地点21,开水,2014/03/18 21:10:57,4.0,92.7
18378,POS消费,地点91,校车,2014/03/19 07:04:15,1.3,91.4
18378,POS消费,地点249,食堂,2014/03/19 18:04:02,5.2,86.2
18378,POS消费,地点103,食堂,2014/03/20 07:05:51,1.3,84.9
18378,POS消费,地点195,超市,2014/03/20 16:04:44,6.6,78.3
18378,POS消费,地点21,开水,2014/03/20 17:23:20,1.6,76.7
18378,POS消费,地点239,食堂,2014/03/20 17:25:06,3.3,73.4
18378,POS消费,地点92,食堂,2014/03/21 07:03:28,1.4,72.0
18378,POS消费,地点83,食堂,2014/03/21 18:50:17,1.5,70.5
18378,POS消费,地点21,开水,2014/03/21 18:51:49,3.0,67.5
18378,POS消费,地点1472,校车,2014/03/22 11:26:25,1.0,66.5
18378,POS消费,地点1472,校车,2014/03/22 11:29:41,1.0,65.5
18378,POS消费,地点1472,校车,2014/03/22 12:42:17,1.0,64.5
18378,POS消费,地点1472,校车,2014/03/22 12:45:59,1.0,63.5
18378,POS消费,地点83,食堂,2014/03/22 21:46:08,2.7,60.8
18378,卡充值,,,2014/03/23 10:53:59,100.0,160.8
18378,POS消费,地点230,食堂,2014/03/23 17:15:28,5.0,155.8
18378,POS消费,地点92,食堂,2014/03/24 07:03:53,2.1,153.7
18378,POS消费,地点179,食堂,2014/03/24 12:06:39,4.4,149.3
18378,POS消费,地点179,食堂,2014/03/24 12:06:49,4.2,145.1
18378,POS消费,地点21,开水,2014/03/24 12:07:26,1.0,144.1
18378,POS消费,地点21,开水,2014/03/24 18:31:35,3.0,141.1
18378,POS消费,地点423,开水,2014/03/24 21:08:20,0.01,141.09
18378,POS消费,地点92,食堂,2014/03/25 07:02:40,1.3,139.79
18378,POS消费,地点103,食堂,2014/03/26 07:05:38,1.3,138.49
18378,POS消费,地点472,淋浴,2014/03/26 12:33:21,0.3,138.19
18378,POS消费,地点21,开水,2014/03/26 18:02:53,3.0,135.19
18378,POS消费,地点92,食堂,2014/03/27 07:04:29,1.3,133.89
18378,POS消费,地点1188,洗衣房,2014/03/27 08:28:07,3.6,130.29
18378,POS消费,地点1188,洗衣房,2014/03/27 09:32:59,-0.6,130.89
18378,POS消费,地点21,开水,2014/03/27 12:16:59,1.7,129.19
18378,POS消费,地点91,校车,2014/03/27 12:17:51,3.9,125.29
18378,POS消费,地点228,食堂,2014/03/27 17:19:27,6.0,119.29
18378,POS消费,地点231,食堂,2014/03/27 17:22:36,0.4,118.89
18378,POS消费,地点21,开水,2014/03/27 17:43:12,3.0,115.89
18378,POS消费,地点92,食堂,2014/03/28 07:03:08,1.4,114.49
18378,POS消费,地点179,食堂,2014/03/28 12:13:01,4.2,110.29
18378,POS消费,地点1442,校车,2014/03/28 20:25:29,1.0,109.29
18378,POS消费,地点83,食堂,2014/03/28 20:37:39,1.5,107.79
18378,POS消费,地点239,食堂,2014/03/29 11:22:11,4.4,101.79
18378,POS消费,地点21,开水,2014/03/29 11:22:17,1.6,106.19
18378,POS消费,地点211,校车,2014/03/29 18:52:26,1.0,100.79
18378,POS消费,地点118,食堂,2014/03/29 19:03:35,1.5,99.29
18378,POS消费,地点228,食堂,2014/03/30 11:18:28,6.5,92.79
18378,POS消费,地点231,食堂,2014/03/30 11:22:23,0.4,92.39
18378,POS消费,地点92,食堂,2014/03/31 07:06:07,2.0,90.39
18378,POS消费,地点91,校车,2014/03/31 12:04:44,4.4,85.99
18378,POS消费,地点21,开水,2014/03/31 12:05:00,1.0,84.99
18378,POS消费,地点423,开水,2014/03/31 21:32:48,0.01,84.98
18378,POS消费,地点92,食堂,2014/04/01 07:04:08,2.0,82.98
18378,POS消费,地点26,图书馆,2014/04/01 11:05:49,27.6,55.38
18378,POS消费,地点21,开水,2014/04/01 18:06:23,1.4,53.98
18378,POS消费,地点236,食堂,2014/04/01 18:07:20,3.8,50.18
18378,POS消费,地点21,开水,2014/04/01 18:23:09,3.0,47.18
18378,POS消费,地点103,食堂,2014/04/02 07:00:36,1.95,45.23
18378,POS消费,地点21,开水,2014/04/02 07:01:14,0.4,44.83
18378,POS消费,地点467,淋浴,2014/04/02 08:17:05,0.3,44.53
18378,POS消费,地点463,淋浴,2014/04/02 08:23:16,0.4,44.13
18378,POS消费,地点236,食堂,2014/04/02 18:03:45,4.5,39.63
18378,POS消费,地点21,开水,2014/04/02 18:03:57,1.5,38.13
18378,POS消费,地点21,开水,2014/04/02 18:20:46,3.0,35.13
18378,POS消费,地点103,食堂,2014/04/03 07:03:26,1.95,33.18
18378,POS消费,地点21,开水,2014/04/03 07:04:03,0.4,32.78
18378,POS消费,地点253,食堂,2014/04/03 17:03:15,5.0,27.78
18378,POS消费,地点21,开水,2014/04/03 17:04:53,1.2,26.58
18378,POS消费,地点92,食堂,2014/04/04 07:02:43,2.15,24.43
18378,POS消费,地点21,开水,2014/04/04 07:03:10,0.4,24.03
18378,卡充值,,,2014/04/04 09:32:04,100.0,124.03
18378,POS消费,地点236,食堂,2014/04/04 12:09:54,4.0,120.03
18378,POS消费,地点21,开水,2014/04/04 12:10:03,2.5,117.53
18378,POS消费,地点1447,校车,2014/04/04 20:45:34,1.0,116.53
18378,POS消费,地点83,食堂,2014/04/04 20:56:14,1.5,115.03
18378,POS消费,地点83,食堂,2014/04/05 15:01:52,1.5,113.53
18378,POS消费,地点21,开水,2014/04/05 15:03:59,3.0,110.53
18378,POS消费,地点195,超市,2014/04/06 11:15:22,14.8,95.73
18378,POS消费,地点83,食堂,2014/04/06 21:40:47,1.5,94.23
18378,POS消费,地点83,食堂,2014/04/06 21:41:11,2.5,91.73
18378,POS消费,地点83,食堂,2014/04/07 09:47:08,2.5,89.23
18378,POS消费,地点103,食堂,2014/04/08 07:02:44,1.3,87.93
18378,POS消费,地点423,开水,2014/04/08 10:22:55,0.01,87.92
18378,POS消费,地点21,开水,2014/04/08 18:02:59,1.2,86.72
18378,POS消费,地点236,食堂,2014/04/08 18:03:39,3.4,83.32
18378,POS消费,地点91,校车,2014/04/09 07:00:52,1.3,82.02
18378,POS消费,地点472,淋浴,2014/04/09 09:09:13,0.3,81.72
18378,POS消费,地点230,食堂,2014/04/09 11:15:43,5.0,76.72
18378,POS消费,地点249,食堂,2014/04/09 18:02:58,5.2,71.52
18378,POS消费,地点1588,食堂,2014/04/10 07:02:48,1.4,70.12
18378,POS消费,地点21,开水,2014/04/10 07:03:46,0.4,69.72
18378,POS消费,地点1188,洗衣房,2014/04/10 08:28:21,3.6,66.12
18378,POS消费,地点1188,洗衣房,2014/04/10 09:10:05,-0.84,66.96
18378,POS消费,地点21,开水,2014/04/10 12:04:01,1.2,65.76
18378,POS消费,地点236,食堂,2014/04/10 12:05:23,3.6,62.16
18378,POS消费,地点195,超市,2014/04/10 15:59:22,13.5,48.66
18378,POS消费,地点91,校车,2014/04/11 07:03:38,1.3,47.36
18378,POS消费,地点21,开水,2014/04/11 12:10:02,1.2,46.16
18378,POS消费,地点21,开水,2014/04/11 12:11:39,1.5,44.66
18378,POS消费,地点21,开水,2014/04/11 12:12:24,1.8,42.86
18378,POS消费,地点83,食堂,2014/04/11 20:54:12,1.5,41.36
18378,POS消费,地点1184,洗衣房,2014/04/12 10:09:11,3.6,37.76
18378,POS消费,地点1184,洗衣房,2014/04/12 11:03:16,-0.36,38.12
18378,POS消费,地点83,食堂,2014/04/12 19:52:36,1.5,36.62
18378,POS消费,地点1588,食堂,2014/04/14 07:02:39,2.3,34.32
18378,POS消费,地点236,食堂,2014/04/14 12:05:09,3.8,30.52
18378,POS消费,地点21,开水,2014/04/14 12:05:45,1.0,29.52
18378,卡充值,,,2014/04/14 12:07:45,100.0,129.52
18378,POS消费,地点21,开水,2014/04/14 12:20:37,3.0,126.52
18378,POS消费,地点253,食堂,2014/04/14 18:11:04,5.0,121.52
18378,POS消费,地点423,开水,2014/04/14 21:24:13,0.01,121.51
18378,POS消费,地点1588,食堂,2014/04/15 07:00:22,1.3,120.21
18378,POS消费,地点188,超市,2014/04/15 10:14:34,12.1,108.11
18378,POS消费,地点195,超市,2014/04/15 10:52:49,5.6,102.51
18378,POS消费,地点423,开水,2014/04/15 22:10:28,0.01,102.5
18378,POS消费,地点103,食堂,2014/04/16 07:02:18,2.0,100.5
18378,POS消费,地点472,淋浴,2014/04/16 08:28:10,0.4,100.1
18378,POS消费,地点21,开水,2014/04/16 18:01:57,1.2,98.9
18378,POS消费,地点21,开水,2014/04/16 18:03:18,1.8,97.1
18378,POS消费,地点1588,食堂,2014/04/17 07:01:30,1.3,95.8
18378,POS消费,地点253,食堂,2014/04/17 17:03:51,3.2,92.6
18378,POS消费,地点21,开水,2014/04/17 17:06:32,1.2,91.4
18378,POS消费,地点1588,食堂,2014/04/18 07:00:41,1.3,90.1
18378,POS消费,地点21,开水,2014/04/18 12:07:31,1.2,88.9
18378,POS消费,地点179,食堂,2014/04/18 12:08:50,4.0,84.9
18378,POS消费,地点83,食堂,2014/04/18 20:18:43,3.0,81.9
18378,POS消费,地点388,淋浴,2014/04/18 20:44:56,0.4,81.5
18378,POS消费,地点83,食堂,2014/04/19 21:06:05,1.5,80.0
18378,POS消费,地点195,超市,2014/04/20 16:38:59,18.8,61.2
18378,POS消费,地点83,食堂,2014/04/20 21:13:02,3.0,58.2
18378,POS消费,地点1588,食堂,2014/04/21 06:59:47,2.1,56.1
18378,POS消费,地点21,开水,2014/04/21 12:02:21,1.2,54.9
18378,POS消费,地点236,食堂,2014/04/21 12:03:41,3.8,51.1
18378,POS消费,地点65,食堂,2014/04/21 18:11:32,4.2,46.9
18378,POS消费,地点83,食堂,2014/04/21 21:18:28,3.0,43.9
18378,POS消费,地点103,食堂,2014/04/22 07:00:49,2.0,41.9
18378,卡充值,,,2014/04/22 10:37:49,100.0,141.9
18378,POS消费,地点195,超市,2014/04/22 10:49:39,16.5,125.4
18378,POS消费,地点236,食堂,2014/04/22 18:07:20,3.6,121.8
18378,POS消费,地点21,开水,2014/04/22 18:07:59,1.0,120.8
18378,POS消费,地点103,食堂,2014/04/23 07:02:43,2.0,118.8
18378,POS消费,地点21,开水,2014/04/23 11:36:44,3.0,115.8
18378,POS消费,地点91,校车,2014/04/23 17:43:08,6.0,109.8
18378,POS消费,地点83,食堂,2014/04/23 20:29:23,1.5,108.3
18378,POS消费,地点1588,食堂,2014/04/24 07:02:37,1.4,106.9
18378,POS消费,地点83,食堂,2014/04/24 19:24:02,1.5,105.4
18378,POS消费,地点1588,食堂,2014/04/25 07:02:21,1.3,104.1
18378,POS消费,地点21,开水,2014/04/25 12:08:18,1.2,102.9
18378,POS消费,地点1409,食堂,2014/04/25 12:08:42,4.0,98.9
18378,POS消费,地点21,开水,2014/04/25 12:21:49,3.0,95.9
18378,POS消费,地点26,图书馆,2014/04/25 18:01:43,13.2,79.7
18378,POS消费,地点83,食堂,2014/04/25 18:04:47,3.0,92.9
18378,POS消费,地点179,食堂,2014/04/26 11:46:04,4.2,75.5
18378,POS消费,地点21,开水,2014/04/26 11:46:28,1.2,74.3
18378,POS消费,地点423,开水,2014/04/26 12:14:07,0.01,74.29
18378,POS消费,地点83,食堂,2014/04/26 21:16:19,4.5,69.79
18378,POS消费,地点21,开水,2014/04/26 21:19:15,3.0,66.79
18378,POS消费,地点21,开水,2014/04/27 11:06:14,6.6,60.19
18378,POS消费,地点463,淋浴,2014/04/27 21:23:42,0.4,59.79
18378,POS消费,地点1588,食堂,2014/04/28 07:03:15,2.0,57.79
18378,POS消费,地点1545,食堂,2014/04/28 11:45:15,5.2,52.59
18378,POS消费,地点21,开水,2014/04/28 12:18:40,3.0,49.59
18378,POS消费,地点21,开水,2014/04/28 18:11:19,5.2,44.39
18378,POS消费,地点83,食堂,2014/04/28 21:18:07,1.5,42.89
18378,POS消费,地点103,食堂,2014/04/29 07:03:33,1.3,41.59
18378,POS消费,地点195,超市,2014/04/29 10:24:46,18.1,23.49
18378,卡充值,,,2014/04/29 10:45:19,100.0,123.49
18378,POS消费,地点21,开水,2014/04/29 10:57:30,3.0,120.49
18378,POS消费,地点1588,食堂,2014/04/30 07:03:08,1.3,119.19
18378,POS消费,地点1198,洗衣房,2014/04/30 08:29:28,3.6,115.59
18378,POS消费,地点1198,洗衣房,2014/04/30 09:10:30,-1.02,116.61
18378,POS消费,地点253,食堂,2014/04/30 11:15:24,3.4,113.21
18378,POS消费,地点237,食堂,2014/04/30 11:19:10,1.5,111.71
18378,POS消费,地点83,食堂,2014/04/30 21:04:06,4.5,107.21
18378,POS消费,地点195,超市,2014/05/01 17:50:37,8.4,98.81
18378,POS消费,地点21,开水,2014/05/01 18:11:31,3.0,95.81
18378,POS消费,地点83,食堂,2014/05/01 18:11:40,1.5,94.31
18378,POS消费,地点423,开水,2014/05/01 20:48:34,0.01,94.3
18378,POS消费,地点218,食堂,2014/05/02 11:18:55,1.8,92.5
18378,POS消费,地点1448,校车,2014/05/02 19:10:46,1.0,91.5
18378,POS消费,地点26,图书馆,2014/05/03 10:51:44,2.4,89.1
18378,POS消费,地点60,食堂,2014/05/03 17:15:58,5.2,83.9
18378,POS消费,地点103,食堂,2014/05/04 07:02:12,1.15,82.75
18378,POS消费,地点103,食堂,2014/05/04 07:02:21,0.8,81.95
18378,POS消费,地点1596,食堂,2014/05/04 07:03:07,0.4,81.55
18378,POS消费,地点423,开水,2014/05/04 22:10:16,0.01,81.54
18378,POS消费,地点103,食堂,2014/05/05 07:01:37,2.1,79.44
18378,POS消费,地点1545,食堂,2014/05/05 12:04:02,5.2,74.24
18378,POS消费,地点1545,食堂,2014/05/05 18:12:27,5.2,69.04
18378,POS消费,地点192,超市,2014/05/05 20:57:16,2.5,66.54
18378,POS消费,地点463,淋浴,2014/05/05 22:17:47,0.4,66.14
18378,POS消费,地点103,食堂,2014/05/06 07:01:44,2.0,64.14
18378,POS消费,地点227,食堂,2014/05/06 11:12:31,5.0,59.14
18378,POS消费,地点231,食堂,2014/05/06 11:15:32,0.4,58.74
18378,POS消费,地点21,开水,2014/05/06 11:41:21,3.0,55.74
18378,POS消费,地点103,食堂,2014/05/06 18:10:53,4.2,51.54
18378,POS消费,地点103,食堂,2014/05/07 07:03:42,2.0,49.54
18378,POS消费,地点816,校车,2014/05/07 11:14:48,1.0,48.54
18378,POS消费,地点1184,洗衣房,2014/05/07 11:35:12,3.6,44.94
18378,POS消费,地点1184,洗衣房,2014/05/07 12:47:22,-0.3,45.24
18378,POS消费,地点60,食堂,2014/05/07 18:04:11,5.2,40.04
18378,POS消费,地点21,开水,2014/05/07 20:39:12,2.5,37.54
18378,POS消费,地点1588,食堂,2014/05/08 07:00:54,2.0,35.54
18378,POS消费,地点195,超市,2014/05/08 17:59:36,5.1,30.44
18378,POS消费,地点227,食堂,2014/05/09 11:19:04,5.0,25.44
18378,POS消费,地点231,食堂,2014/05/09 11:21:14,0.4,25.04
18378,卡充值,,,2014/05/09 11:26:26,100.0,125.04
18378,POS消费,地点1451,校车,2014/05/09 20:05:15,1.0,124.04
18378,POS消费,地点1188,洗衣房,2014/05/10 10:10:34,3.6,120.44
18378,POS消费,地点1188,洗衣房,2014/05/10 11:06:37,-0.84,121.28
18378,POS消费,地点26,图书馆,2014/05/10 11:17:39,17.1,104.18
18378,POS消费,地点227,食堂,2014/05/11 11:05:24,5.0,99.18
18378,POS消费,地点231,食堂,2014/05/11 11:07:29,0.4,98.78
18378,POS消费,地点69,食堂,2014/05/11 17:04:25,5.2,93.58
18378,POS消费,地点21,开水,2014/05/11 20:06:45,2.5,91.08
18378,POS消费,地点1588,食堂,2014/05/12 07:01:43,2.1,88.98
18378,POS消费,地点179,食堂,2014/05/12 12:02:34,4.2,84.78
18378,POS消费,地点21,开水,2014/05/12 12:03:22,1.5,83.28
18378,POS消费,地点87,食堂,2014/05/12 18:11:35,4.2,79.08
18378,POS消费,地点21,开水,2014/05/12 18:28:06,3.0,76.08
18378,POS消费,地点463,淋浴,2014/05/12 21:01:06,0.5,75.58
18378,POS消费,地点103,食堂,2014/05/13 07:04:48,2.0,73.58
18378,POS消费,地点195,超市,2014/05/13 11:08:50,10.5,63.08
18378,POS消费,地点227,食堂,2014/05/13 17:13:29,5.0,58.08
18378,POS消费,地点231,食堂,2014/05/13 17:18:13,0.4,57.68
18378,POS消费,地点103,食堂,2014/05/14 07:03:09,2.0,55.68
18378,POS消费,地点1588,食堂,2014/05/15 07:01:44,2.0,53.68
18378,POS消费,地点1545,食堂,2014/05/15 12:13:57,5.2,48.48
18378,POS消费,地点195,超市,2014/05/15 16:04:38,6.7,41.78
18378,POS消费,地点72,食堂,2014/05/15 17:15:07,1.7,40.08
18378,POS消费,地点253,食堂,2014/05/15 17:15:47,3.0,37.08
18378,POS消费,地点1588,食堂,2014/05/16 07:02:26,1.3,35.78
18378,POS消费,地点103,食堂,2014/05/16 07:03:03,0.8,34.98
18378,POS消费,地点83,食堂,2014/05/16 18:02:26,1.5,33.48
18378,POS消费,地点237,食堂,2014/05/16 18:05:45,1.0,27.78
18378,POS消费,地点60,食堂,2014/05/16 18:06:46,4.7,28.78
18378,POS消费,地点21,开水,2014/05/16 18:06:54,3.0,24.78
18378,POS消费,地点87,食堂,2014/05/17 11:25:29,4.2,20.58
18378,POS消费,地点83,食堂,2014/05/17 17:09:36,1.5,19.08
18378,POS消费,地点195,超市,2014/05/18 10:57:50,7.0,12.08
18378,POS消费,地点253,食堂,2014/05/18 17:16:42,3.6,8.48
18378,卡充值,,,2014/05/18 17:16:54,100.0,107.48
18378,POS消费,地点184,食堂,2014/05/18 17:17:06,1.0,7.48
18378,POS消费,地点526,食堂,2014/05/18 21:19:45,1.5,105.98
18378,POS消费,地点1588,食堂,2014/05/19 07:03:15,1.3,104.68
18378,POS消费,地点1588,食堂,2014/05/19 07:03:19,0.8,103.88
18378,POS消费,地点21,开水,2014/05/19 12:03:09,1.2,102.68
18378,POS消费,地点179,食堂,2014/05/19 12:04:35,4.0,98.68
18378,POS消费,地点21,开水,2014/05/19 12:15:28,3.0,95.68
18378,POS消费,地点463,淋浴,2014/05/19 21:09:34,0.4,95.28
18378,POS消费,地点388,淋浴,2014/05/19 21:31:19,0.1,94.88
18378,POS消费,地点467,淋浴,2014/05/19 21:31:32,0.1,95.08
18378,POS消费,地点463,淋浴,2014/05/19 21:31:43,0.2,94.48
18378,POS消费,地点467,淋浴,2014/05/19 21:32:33,0.1,95.18
18378,POS消费,地点388,淋浴,2014/05/19 21:32:34,0.1,94.98
18378,POS消费,地点388,淋浴,2014/05/19 21:32:34,0.1,94.78
18378,POS消费,地点470,淋浴,2014/05/19 21:57:18,0.4,94.08
18378,POS消费,地点1588,食堂,2014/05/20 07:02:05,1.3,92.78
18378,POS消费,地点184,食堂,2014/05/20 11:12:29,1.7,91.08
18378,POS消费,地点253,食堂,2014/05/20 11:13:00,3.2,87.88
18378,POS消费,地点464,淋浴,2014/05/20 17:57:41,0.1,94.68
18378,POS消费,地点83,食堂,2014/05/20 20:45:07,5.7,82.18
18378,POS消费,地点72,食堂,2014/05/21 07:54:47,1.03,81.15
18378,POS消费,地点253,食堂,2014/05/21 11:15:06,3.2,76.25
18378,POS消费,地点237,食堂,2014/05/21 11:15:07,1.7,79.45
18378,POS消费,地点21,开水,2014/05/21 11:16:56,3.0,73.25
18378,POS消费,地点179,食堂,2014/05/21 18:06:26,4.2,69.05
18378,POS消费,地点21,开水,2014/05/21 18:07:22,2.5,66.55
18378,POS消费,地点1588,食堂,2014/05/22 07:02:50,1.8,64.75
18378,POS消费,地点1545,食堂,2014/05/22 12:16:15,5.2,59.55
18378,POS消费,地点230,食堂,2014/05/22 17:09:26,5.0,54.55
18378,POS消费,地点83,食堂,2014/05/22 17:33:43,1.5,53.05
18378,POS消费,地点423,开水,2014/05/22 20:53:54,0.01,53.04
18378,POS消费,地点1588,食堂,2014/05/23 06:58:04,1.3,51.74
18378,POS消费,地点1588,食堂,2014/05/23 07:00:03,0.8,50.94
18378,POS消费,地点21,开水,2014/05/23 18:08:13,1.6,49.34
18378,POS消费,地点253,食堂,2014/05/23 18:09:01,3.3,46.04
18378,POS消费,地点195,超市,2014/05/23 18:17:54,11.8,34.24
18378,POS消费,地点21,开水,2014/05/23 18:46:50,3.0,31.24
18378,POS消费,地点83,食堂,2014/05/24 08:12:27,1.5,29.74
18378,POS消费,地点195,超市,2014/05/24 16:39:25,5.7,24.04
18378,POS消费,地点227,食堂,2014/05/24 17:31:22,5.0,19.04
18378,POS消费,地点231,食堂,2014/05/24 17:34:00,0.4,18.64
18378,卡充值,,,2014/05/24 17:41:25,100.0,118.64
18378,POS消费,地点83,食堂,2014/05/24 17:54:29,1.5,117.14
18378,POS消费,地点472,淋浴,2014/05/24 20:10:39,0.6,116.54
18378,POS消费,地点91,校车,2014/05/25 10:51:49,6.0,110.54
18378,POS消费,地点21,开水,2014/05/25 17:34:44,5.2,105.34
18378,POS消费,地点70,食堂,2014/05/25 17:52:19,3.0,102.34
18378,POS消费,地点1588,食堂,2014/05/26 07:00:07,2.1,100.24
18378,POS消费,地点227,食堂,2014/05/26 12:00:26,5.0,95.24
18378,POS消费,地点231,食堂,2014/05/26 12:03:11,0.4,94.84
18378,POS消费,地点69,食堂,2014/05/26 18:09:43,5.2,89.64
18378,POS消费,地点21,开水,2014/05/26 18:22:19,3.0,86.64
18378,POS消费,地点1588,食堂,2014/05/27 06:58:34,2.0,84.64
18378,POS消费,地点227,食堂,2014/05/27 11:21:25,5.0,79.64
18378,POS消费,地点231,食堂,2014/05/27 11:24:29,0.4,79.24
18378,POS消费,地点21,开水,2014/05/27 11:45:41,3.0,76.24
18378,POS消费,地点146,校车,2014/05/27 15:20:34,1.0,75.24
18378,POS消费,地点146,校车,2014/05/27 16:35:37,1.0,74.24
18378,POS消费,地点26,图书馆,2014/05/27 17:11:24,28.2,46.04
18378,POS消费,地点1588,食堂,2014/05/28 07:02:32,1.3,44.74
18378,POS消费,地点26,图书馆,2014/05/28 11:08:15,4.2,40.54
18378,POS消费,地点227,食堂,2014/05/28 18:03:03,5.0,35.54
18378,POS消费,地点231,食堂,2014/05/28 18:05:47,0.4,35.14
18378,POS消费,地点21,开水,2014/05/28 18:27:39,3.0,32.14
18378,POS消费,地点103,食堂,2014/05/29 07:00:47,1.3,30.84
18378,POS消费,地点1545,食堂,2014/05/29 12:11:31,5.2,25.64
18378,POS消费,地点227,食堂,2014/05/29 17:24:08,5.0,20.64
18378,POS消费,地点231,食堂,2014/05/29 17:28:33,0.4,20.24
18378,POS消费,地点21,开水,2014/05/29 17:54:06,3.0,17.24
18378,POS消费,地点472,淋浴,2014/05/29 20:46:14,0.4,16.84
18378,POS消费,地点1588,食堂,2014/05/30 06:59:53,1.3,15.54
18378,POS消费,地点82,食堂,2014/05/30 11:45:57,3.7,11.84
18378,POS消费,地点82,食堂,2014/05/30 11:46:13,3.9,7.94
18378,POS消费,地点21,开水,2014/05/31 15:15:36,2.3,5.64
18378,卡充值,,,2014/05/31 16:59:47,100.0,105.64
18378,POS消费,地点195,超市,2014/05/31 17:09:15,11.7,93.94
18378,POS消费,地点468,淋浴,2014/05/31 19:46:46,0.1,93.84
18378,POS消费,地点472,淋浴,2014/05/31 19:57:29,0.4,93.44
18378,POS消费,地点195,超市,2014/06/01 15:01:47,10.3,83.14
18378,POS消费,地点21,开水,2014/06/01 17:09:39,3.0,80.14
18378,POS消费,地点83,食堂,2014/06/01 17:23:14,4.2,75.94
18378,POS消费,地点21,开水,2014/06/02 14:46:44,5.28,70.66
18378,POS消费,地点134,食堂,2014/06/02 17:14:34,4.7,65.96
18378,POS消费,地点235,食堂,2014/06/02 17:15:41,1.5,64.46
18378,POS消费,地点1588,食堂,2014/06/03 07:03:12,2.2,62.26
18378,POS消费,地点1588,食堂,2014/06/03 07:03:37,0.6,61.66
18378,POS消费,地点227,食堂,2014/06/03 11:11:09,5.0,56.66
18378,POS消费,地点231,食堂,2014/06/03 11:13:54,0.4,56.26
18378,POS消费,地点1588,食堂,2014/06/04 07:01:04,2.0,54.26
18378,POS消费,地点83,食堂,2014/06/04 08:17:24,2.7,51.56
18378,POS消费,地点21,开水,2014/06/04 11:10:24,5.7,45.86
18378,POS消费,地点60,食堂,2014/06/04 18:06:32,4.2,41.66
18378,POS消费,地点472,淋浴,2014/06/04 21:13:42,0.4,41.26
18378,POS消费,地点1588,食堂,2014/06/05 07:00:14,1.3,39.96
18378,POS消费,地点235,食堂,2014/06/05 12:10:09,2.0,37.96
18378,POS消费,地点21,开水,2014/06/05 12:12:02,2.5,35.46
18378,POS消费,地点188,超市,2014/06/05 16:14:12,2.3,33.16
18378,POS消费,地点21,开水,2014/06/05 17:12:28,2.5,28.96
18378,POS消费,地点235,食堂,2014/06/05 17:12:36,1.7,31.46
18378,POS消费,地点1588,食堂,2014/06/06 07:01:29,1.3,27.66
18378,POS消费,地点83,食堂,2014/06/07 07:02:56,3.0,24.66
18378,POS消费,地点816,校车,2014/06/07 18:33:39,1.0,23.66
18378,POS消费,地点472,淋浴,2014/06/07 19:47:09,0.5,23.16
18378,POS消费,地点227,食堂,2014/06/08 11:10:03,5.0,18.16
18378,POS消费,地点231,食堂,2014/06/08 11:14:37,0.4,17.76
18378,卡充值,,,2014/06/08 11:26:29,100.0,117.76
18378,POS消费,地点21,开水,2014/06/08 11:29:14,6.2,111.56
18378,POS消费,地点227,食堂,2014/06/08 17:10:36,5.0,106.56
18378,POS消费,地点231,食堂,2014/06/08 17:13:38,0.4,106.16
18378,POS消费,地点103,食堂,2014/06/09 07:05:41,1.5,104.66
18378,POS消费,地点227,食堂,2014/06/09 12:06:14,5.0,99.66
18378,POS消费,地点231,食堂,2014/06/09 12:10:19,0.4,99.26
18378,POS消费,地点1588,食堂,2014/06/10 07:03:30,2.0,97.26
18378,POS消费,地点837,校车,2014/06/10 12:16:55,1.0,96.26
18378,POS消费,地点213,食堂,2014/06/10 12:54:59,15.0,81.26
18378,POS消费,地点227,食堂,2014/06/10 17:06:14,5.0,76.26
18378,POS消费,地点21,开水,2014/06/11 17:44:41,2.5,70.06
18378,POS消费,地点236,食堂,2014/06/11 17:45:04,3.7,72.56
18378,POS消费,地点388,淋浴,2014/06/11 20:06:26,0.5,69.46
18378,POS消费,地点468,淋浴,2014/06/11 20:18:35,0.1,69.96
18378,POS消费,地点1588,食堂,2014/06/12 07:01:58,2.0,67.46
18378,POS消费,地点69,食堂,2014/06/12 12:19:11,5.2,62.26
18378,POS消费,地点1472,校车,2014/06/12 16:40:10,1.0,61.26
18378,POS消费,地点1451,校车,2014/06/12 17:35:56,1.0,60.26
18378,POS消费,地点1588,食堂,2014/06/13 07:01:34,1.5,58.76
18378,POS消费,地点227,食堂,2014/06/13 12:22:00,5.0,53.76
18378,POS消费,地点83,食堂,2014/06/14 09:20:24,4.0,49.76
18378,POS消费,地点227,食堂,2014/06/14 11:08:35,5.0,44.76
18378,POS消费,地点231,食堂,2014/06/14 11:10:34,0.4,44.36
18378,POS消费,地点21,开水,2014/06/14 11:26:30,2.5,41.86
18378,POS消费,地点472,淋浴,2014/06/14 20:46:33,0.4,41.46
18378,POS消费,地点227,食堂,2014/06/15 11:14:42,5.0,36.46
18378,POS消费,地点231,食堂,2014/06/15 11:17:49,0.4,36.06
18378,POS消费,地点91,校车,2014/06/16 07:46:20,2.2,33.86
18378,POS消费,地点1588,食堂,2014/06/17 07:51:20,1.3,32.56
18378,POS消费,地点227,食堂,2014/06/17 11:17:14,5.0,27.56
18378,POS消费,地点231,食堂,2014/06/17 11:18:33,0.4,27.16
18378,POS消费,地点21,开水,2014/06/17 11:33:41,3.0,24.16
18378,POS消费,地点526,食堂,2014/06/17 21:01:05,3.4,20.76
18378,POS消费,地点227,食堂,2014/06/18 11:19:10,5.0,15.76
18378,POS消费,地点231,食堂,2014/06/18 11:21:54,0.4,15.36
18378,POS消费,地点21,开水,2014/06/18 11:32:40,3.0,12.36
18378,POS消费,地点230,食堂,2014/06/18 18:09:43,5.0,7.36
18378,POS消费,地点83,食堂,2014/06/18 18:34:29,1.5,5.86
18378,POS消费,地点472,淋浴,2014/06/18 19:19:01,0.4,5.46
18378,卡充值,,,2014/06/19 11:35:17,100.0,105.46
18378,POS消费,地点21,开水,2014/06/19 19:16:30,3.0,102.46
18378,POS消费,地点227,食堂,2014/06/20 11:06:54,5.0,97.46
18378,POS消费,地点231,食堂,2014/06/20 11:10:03,0.4,97.06
18378,POS消费,地点184,食堂,2014/06/20 17:12:25,1.7,95.36
18378,POS消费,地点253,食堂,2014/06/20 17:13:30,3.0,92.36
18378,POS消费,地点83,食堂,2014/06/20 17:14:55,3.0,89.36
18378,POS消费,地点195,超市,2014/06/21 11:13:55,5.8,83.56
18378,POS消费,地点227,食堂,2014/06/21 17:11:42,5.0,78.56
18378,POS消费,地点231,食堂,2014/06/21 17:15:13,0.4,78.16
18378,POS消费,地点103,食堂,2014/06/22 08:22:11,1.33,76.83
18378,POS消费,地点65,食堂,2014/06/22 11:01:08,1.7,75.13
18378,POS消费,地点21,开水,2014/06/22 11:03:18,3.0,68.93
18378,POS消费,地点253,食堂,2014/06/22 11:14:09,3.2,71.93
18378,POS消费,地点227,食堂,2014/06/22 17:07:16,5.0,63.93
18378,POS消费,地点231,食堂,2014/06/22 17:10:02,0.4,63.53
18378,POS消费,地点83,食堂,2014/06/22 17:40:34,4.0,59.53
18378,POS消费,地点83,食堂,2014/06/23 17:31:15,2.5,57.03
18378,POS消费,地点21,开水,2014/06/24 15:16:38,3.5,53.53
18378,POS消费,地点195,超市,2014/06/24 17:05:18,8.8,44.73
18378,POS消费,地点829,图书馆,2014/06/25 12:06:34,3.0,41.73
18378,POS消费,地点21,开水,2014/06/25 14:17:16,3.0,38.73
18378,POS消费,地点227,食堂,2014/06/25 16:58:19,5.0,33.73
18378,POS消费,地点231,食堂,2014/06/25 17:01:01,0.4,33.33
18378,POS消费,地点83,食堂,2014/06/25 17:19:59,2.5,30.83
18378,POS消费,地点472,淋浴,2014/06/25 18:49:18,0.5,30.33
18378,POS消费,地点227,食堂,2014/06/26 11:17:17,5.0,25.33
18378,POS消费,地点231,食堂,2014/06/26 11:20:39,0.4,24.93
18378,POS消费,地点21,开水,2014/06/26 11:33:30,3.0,21.93
18378,POS消费,地点1588,食堂,2014/06/27 08:10:25,2.03,19.9
18378,卡充值,,,2014/06/27 10:56:44,100.0,114.5
18378,POS消费,地点227,食堂,2014/06/27 11:04:14,5.0,14.9
18378,POS消费,地点231,食堂,2014/06/27 11:07:32,0.4,14.5
18378,POS消费,地点21,开水,2014/06/27 11:23:43,3.0,111.5
18378,POS消费,地点83,食堂,2014/06/27 17:55:25,1.5,110.0
18378,POS消费,地点472,淋浴,2014/06/27 18:57:48,0.5,109.5
18378,POS消费,地点1447,校车,2014/06/28 18:02:48,1.0,108.5
18378,POS消费,地点1447,校车,2014/06/28 18:03:05,1.0,107.5
18378,POS消费,地点1447,校车,2014/06/28 18:03:20,1.0,106.5
18378,POS消费,地点1472,校车,2014/06/28 19:32:29,1.0,105.5
18378,POS消费,地点227,食堂,2014/06/29 17:07:57,5.0,100.5
18378,POS消费,地点231,食堂,2014/06/29 17:10:44,0.4,100.1
18378,POS消费,地点83,食堂,2014/06/29 17:33:53,1.5,98.6
18378,POS消费,地点1588,食堂,2014/06/30 07:35:10,2.03,96.57
18378,POS消费,地点227,食堂,2014/06/30 17:14:38,5.0,91.57
18378,POS消费,地点231,食堂,2014/06/30 17:17:55,0.4,91.17
18378,POS消费,地点83,食堂,2014/06/30 17:39:36,2.5,88.67
18378,POS消费,地点65,食堂,2014/07/01 16:58:40,1.7,86.97
18378,POS消费,地点253,食堂,2014/07/01 17:11:10,3.4,83.57
18378,POS消费,地点103,食堂,2014/07/02 07:24:56,2.03,81.54
18378,POS消费,地点21,开水,2014/07/02 12:14:24,4.25,77.29
18378,POS消费,地点1545,食堂,2014/07/02 17:09:24,5.7,71.59
18378,POS消费,地点83,食堂,2014/07/02 17:23:34,1.5,70.09
18378,POS消费,地点472,淋浴,2014/07/02 20:12:08,0.4,69.69
18378,POS消费,地点195,超市,2014/07/03 11:06:02,2.5,67.19
18378,POS消费,地点235,食堂,2014/07/03 17:11:42,2.2,64.99
18378,POS消费,地点1588,食堂,2014/07/03 17:12:01,3.5,61.49
18378,POS消费,地点103,食堂,2014/07/04 07:42:03,2.03,59.46
18378,POS消费,地点213,食堂,2014/07/04 13:12:51,5.4,54.06
18378,POS消费,地点83,食堂,2014/07/04 17:04:26,1.5,52.56
18378,POS消费,地点21,开水,2014/07/05 11:13:32,3.0,49.56
18378,POS消费,地点227,食堂,2014/07/05 17:05:56,5.0,44.56
18378,POS消费,地点231,食堂,2014/07/05 17:09:16,0.4,44.16
18378,POS消费,地点83,食堂,2014/07/05 17:34:13,1.5,42.66
18378,POS消费,地点472,淋浴,2014/07/05 19:06:17,0.4,42.26
18378,POS消费,地点227,食堂,2014/07/06 17:07:36,5.0,37.26
18378,POS消费,地点103,食堂,2014/07/07 07:31:10,2.03,35.23
18378,POS消费,地点83,食堂,2014/07/07 17:04:06,2.0,28.13
18378,POS消费,地点253,食堂,2014/07/07 17:15:33,3.4,30.13
18378,POS消费,地点237,食堂,2014/07/07 17:16:33,1.7,33.53
18378,POS消费,地点423,开水,2014/07/07 17:29:13,0.01,28.12
18378,卡充值,,,2014/07/08 16:58:29,20.0,48.12
18378,POS消费,地点227,食堂,2014/07/08 17:15:16,5.0,43.12
18378,POS消费,地点231,食堂,2014/07/08 17:17:39,0.8,42.32
18378,POS消费,地点83,食堂,2014/07/08 17:30:08,1.5,40.82
18378,POS消费,地点21,开水,2014/07/08 17:33:24,3.0,37.82
18378,POS消费,地点388,淋浴,2014/07/08 19:56:15,0.4,37.42
18378,POS消费,地点218,食堂,2014/07/09 11:22:43,1.8,35.62
18378,POS消费,地点237,食堂,2014/07/09 16:55:59,1.0,30.42
18378,POS消费,地点253,食堂,2014/07/09 17:08:46,4.2,31.42
18378,POS消费,地点103,食堂,2014/07/10 07:30:01,2.03,28.39
18378,POS消费,地点21,开水,2014/07/10 17:08:44,5.2,23.19
18378,POS消费,地点21,开水,2014/07/10 18:01:56,3.0,20.19
18378,POS消费,地点472,淋浴,2014/07/10 19:19:51,0.4,19.79
18378,POS消费,地点1588,食堂,2014/07/11 07:26:45,2.03,17.76
18378,POS消费,地点837,校车,2014/07/11 13:04:13,1.0,16.76
18378,POS消费,地点472,淋浴,2014/07/11 14:51:27,0.3,16.46
18378,POS消费,地点21,开水,2014/07/11 18:23:27,2.9,13.56
18378,POS消费,地点83,食堂,2014/07/11 18:24:15,5.0,8.56
18378,POS消费,地点1188,洗衣房,2014/08/29 20:44:13,3.6,4.96
18378,POS消费,地点1188,洗衣房,2014/08/29 21:32:07,-0.72,5.68
18378,POS消费,地点388,淋浴,2014/08/29 21:55:24,0.4,5.28
18378,POS消费,地点423,开水,2014/08/29 22:36:33,0.01,5.27
18378,卡充值,,,2014/08/30 11:36:33,100.0,105.27
18378,POS消费,地点222,校车,2014/08/30 18:09:53,1.0,104.27
18378,POS消费,地点1184,洗衣房,2014/08/30 21:50:23,3.6,100.67
18378,POS消费,地点83,食堂,2014/08/31 09:13:12,2.2,98.47
18378,POS消费,地点222,校车,2014/08/31 10:27:01,1.0,97.47
18378,POS消费,地点222,校车,2014/08/31 12:06:44,1.0,96.47
18378,POS消费,地点388,淋浴,2014/08/31 21:57:55,0.4,96.07
